,赛事,比赛时间,主队,比分,上半场比分,客队,赛果,让球盘口,让球盘路,大小
0,世界杯,2018-07-08,俄罗斯,1:1,(1-1),克罗地亚,平,*平/半,赢,小
1,世界杯,2018-07-01,西班牙,1:1,(1-1),俄罗斯,平,一球,输,小
2,世界杯,2018-06-25,乌拉圭,3:0,(2-0),俄罗斯,负,*平/半,赢,大
3,世界杯,2018-06-20,俄罗斯,3:1,(0-0),埃及,胜,平/半,赢,大
4,世界杯,2018-06-14,俄罗斯,5:0,(2-0),沙特阿拉伯,胜,球半,赢,大
5,友谊赛,2018-06-06,俄罗斯,1:1,(1-0),土耳其,平,半球,输,小
6,友谊赛,2018-05-31,奥地利,1:0,(1-0),俄罗斯,负,平/半,赢,小
7,友谊赛,2018-03-27,俄罗斯,1:3,(0-1),法国,负,*一球,输,大
8,友谊赛,2018-03-24,俄罗斯,0:3,(0-0),巴西,负,*半/一,输,大
9,友谊赛,2017-11-15,俄罗斯,3:3,(1-2),西班牙,平,*一球,赢,大
10,友谊赛,2017-11-11,俄罗斯,0:1,(0-0),阿根廷,负,*半球,输,小
11,友谊赛,2017-10-11,俄罗斯,1:1,(0-0),伊朗,平,半球,输,小
12,友谊赛,2017-10-07,俄罗斯,4:2,(1-0),韩国,胜,半球,赢,大
13,友谊赛,2017-09-03,俄罗斯,3:0,(2-0),莫斯科迪纳摩,胜,一/半,赢,大
14,联合杯,2017-06-24,俄罗斯,1:2,(1-1),墨西哥,负,*平/半,输,大
15,联合杯,2017-06-21,俄罗斯,0:1,(0-1),葡萄牙,负,*半球,输,小
16,联合杯,2017-06-17,俄罗斯,2:0,(1-0),新西兰,胜,球半,赢,小
17,友谊赛,2017-06-10,俄罗斯,1:1,(0-0),智利,平,*平/半,赢,小
18,友谊赛,2017-06-06,匈牙利,0:3,(0-2),俄罗斯,胜,平手,输,大
19,友谊赛,2017-03-28,俄罗斯,3:3,(1-3),比利时,平,*平/半,赢,大
20,友谊赛,2017-03-24,俄罗斯,0:2,(0-1),科特迪瓦,负,半球,输,小
21,友谊赛,2016-11-15,俄罗斯,1:0,(0-0),罗马尼亚,胜,平/半,赢,小
22,友谊赛,2016-11-10,卡塔尔,2:1,(1-1),俄罗斯,负,*半球,赢,大
23,友谊赛,2016-10-09,俄罗斯,3:4,(1-3),哥斯达黎加,负,半/一,输,大
24,友谊赛,2016-09-06,俄罗斯,1:0,(1-0),加纳,胜,半球,赢,小
25,友谊赛,2016-09-01,土耳其,0:0,(0-0),俄罗斯,平,平手,走,小
26,欧锦赛,2016-06-21,俄罗斯,0:3,(0-2),威尔士,负,平/半,输,大
27,欧锦赛,2016-06-15,俄罗斯,1:2,(0-2),斯洛伐克,负,半球,输,大
28,欧锦赛,2016-06-12,英格兰,1:1,(0-0),俄罗斯,平,半球,输,小
29,友谊赛,2016-06-05,塞尔维亚,1:1,(0-0),俄罗斯,平,*平/半,赢,小
30,友谊赛,2016-06-01,捷克,2:1,(0-1),俄罗斯,负,平手,赢,大
31,友谊赛,2016-03-30,法国,4:2,(2-0),俄罗斯,负,一球,赢,大
32,友谊赛,2016-03-26,俄罗斯,3:0,(1-0),立陶宛,胜,球半,赢,大
33,友谊赛,2015-11-17,俄罗斯,1:3,(1-0),克罗地亚,负,平/半,输,大
34,友谊赛,2015-11-14,俄罗斯,1:0,(0-0),葡萄牙,胜,平手,-,小
35,欧锦赛,2015-10-12,俄罗斯,2:0,(2-0),黑山,胜,球半,赢,小
36,欧锦赛,2015-10-10,摩尔多瓦,1:2,(0-0),俄罗斯,胜,*球半,赢,大
37,欧锦赛,2015-09-09,列支敦士登,0:7,(0-3),俄罗斯,胜,*两/半,输,大
38,世界杯,2018-06-25,沙特阿拉伯,2:1,(1-1),埃及,胜,*半/一,赢,大
39,世界杯,2018-06-20,乌拉圭,1:0,(1-0),沙特阿拉伯,负,球半/两,输,小
40,世界杯,2018-06-14,俄罗斯,5:0,(2-0),沙特阿拉伯,负,球半,赢,大
41,友谊赛,2018-06-09,德国,2:1,(2-0),沙特阿拉伯,负,两半,输,大
42,友谊赛,2018-06-04,沙特阿拉伯,0:3,(0-2),秘鲁,负,*半/一,输,大
43,友谊赛,2018-05-29,意大利,2:1,(1-0),沙特阿拉伯,负,球半,输,大
44,友谊赛,2018-05-16,沙特阿拉伯,2:0,(1-0),希腊,胜,*平/半,赢,小
45,友谊赛,2018-05-10,阿尔及利亚,0:2,(0-1),沙特阿拉伯,胜,平手,-,小
46,友谊赛,2018-03-28,比利时,4:0,(2-0),沙特阿拉伯,负,两/半,赢,大
47,友谊赛,2018-03-24,乌克兰,1:1,(1-1),沙特阿拉伯,平,半/一,输,小
48,友谊赛,2018-03-01,伊拉克,4:1,(1-0),沙特阿拉伯,负,平手,赢,大
49,友谊赛,2018-02-27,沙特阿拉伯,3:0,(1-0),摩尔多瓦,胜,一球,赢,大
50,海湾杯,2017-12-28,沙特阿拉伯,0:2,(0-0),阿曼,负,平/半,输,小
51,海湾杯,2017-12-25,阿联酋,0:0,(0-0),沙特阿拉伯,平,半球,输,小
52,海湾杯,2017-12-22,科威特,1:2,(0-1),沙特阿拉伯,胜,平/半,输,大
53,友谊赛,2017-11-14,保加利亚,1:0,(0-0),沙特阿拉伯,负,平/半,赢,小
54,友谊赛,2017-11-11,葡萄牙,3:0,(1-0),沙特阿拉伯,负,两球,赢,大
55,友谊赛,2017-11-08,沙特阿拉伯,2:0,(2-0),拉脱维亚,胜,平手,-,小
56,友谊赛,2017-10-11,沙特阿拉伯,0:3,(0-1),加纳,负,平/半,输,大
57,友谊赛,2017-10-08,沙特阿拉伯,5:2,(3-1),牙买加,胜,半/一,赢,大
58,亚洲预,2017-09-06,沙特阿拉伯,1:0,(0-0),日本,胜,平/半,赢,小
59,亚洲预,2017-08-30,阿联酋,2:1,(1-1),沙特阿拉伯,负,*平/半,赢,大
60,亚洲预,2017-06-08,澳大利亚,3:2,(2-2),沙特阿拉伯,负,一/半,输,大
61,亚洲预,2017-03-29,沙特阿拉伯,1:0,(0-0),伊拉克,胜,一球,走,小
62,亚洲预,2017-03-23,泰国,0:3,(0-1),沙特阿拉伯,胜,*半球,输,大
63,友谊赛,2017-01-14,柬埔寨,2:7,(2-3),沙特阿拉伯,胜,平手,-,大
64,友谊赛,2017-01-10,沙特阿拉伯,0:0,(0-0),斯洛文尼亚B队,平,平手,-,小
65,亚洲预,2016-11-15,日本,2:1,(1-0),沙特阿拉伯,负,球半,输,大
66,亚洲预,2016-10-12,沙特阿拉伯,3:0,(0-0),阿联酋,胜,平/半,赢,大
67,亚洲预,2016-10-07,沙特阿拉伯,2:2,(1-1),澳大利亚,平,*平/半,赢,大
68,亚洲预,2016-09-06,伊拉克,1:2,(1-0),沙特阿拉伯,胜,*平/半,输,大
69,亚洲预,2016-09-02,沙特阿拉伯,1:0,(0-0),泰国,胜,一/半,输,小
70,友谊赛,2016-08-25,沙特阿拉伯,4:0,(1-0),老挝,胜,六/六半,输,大
71,亚洲预,2016-03-29,阿联酋,1:1,(0-1),沙特阿拉伯,平,平/半,输,小
72,亚洲预,2016-03-25,沙特阿拉伯,2:0,(0-0),马来西亚,胜,五/五半,输,小
73,亚洲预,2015-11-17,东帝汶,0:10,(0-4),沙特阿拉伯,胜,*四球,输,大
74,亚洲预,2015-11-09,巴勒斯坦,0:0,(0-0),沙特阿拉伯,平,*球半,赢,小
75,亚洲预,2015-10-09,沙特阿拉伯,2:1,(1-1),阿联酋,胜,平/半,赢,大
76,亚洲预,2015-09-08,马来西亚,0:3,(-),沙特阿拉伯,胜,*四半,赢,大
77,世界杯,2018-06-25,沙特阿拉伯,2:1,(1-1),埃及,负,*半/一,赢,大
78,世界杯,2018-06-20,俄罗斯,3:1,(0-0),埃及,负,平/半,赢,大
79,世界杯,2018-06-15,埃及,0:1,(0-0),乌拉圭,负,*半/一,输,小
80,友谊赛,2018-06-07,比利时,3:0,(2-0),埃及,负,一/半,赢,大
81,友谊赛,2018-06-02,埃及,0:0,(0-0),哥伦比亚,平,*半/一,赢,小
82,友谊赛,2018-05-26,科威特,1:1,(1-0),埃及,平,*半球,赢,小
83,友谊赛,2018-03-28,希腊,1:0,(1-0),埃及,负,平手,赢,小
84,友谊赛,2018-03-24,葡萄牙,2:1,(0-0),埃及,负,半/一,赢,大
85,非洲预,2017-11-12,加纳,1:1,(0-0),埃及,平,平/半,输,小
86,非洲预,2017-10-09,埃及,2:1,(0-0),刚果,胜,球半,输,大
87,非洲预,2017-09-06,埃及,1:0,(1-0),乌干达,胜,一球,走,小
88,非洲预,2017-08-31,乌干达,1:0,(0-0),埃及,负,*平/半,赢,小
89,非国锦标,2017-08-19,摩洛哥,3:1,(0-0),埃及,负,平/半,赢,大
90,非国锦标,2017-08-14,埃及,1:1,(1-0),摩洛哥,平,平手,-,小
91,非洲杯,2017-06-12,突尼斯,1:0,(0-0),埃及,负,平/半,赢,小
92,友谊赛,2017-06-06,埃及,1:0,(0-0),利比亚,胜,一/半,输,小
93,友谊赛,2017-05-13,埃及,1:0,(1-0),也门,胜,平手,-,小
94,友谊赛,2017-03-28,埃及,3:0,(0-0),多哥,胜,一/半,赢,大
95,非洲杯,2017-02-06,埃及,1:2,(1-0),喀麦隆,负,平手,输,大
96,非洲杯,2017-02-02,布基纳法索,1:1,(0-0),埃及,平,*平/半,赢,小
97,非洲杯,2017-01-30,埃及,1:0,(0-0),摩洛哥,胜,平手,赢,小
98,非洲杯,2017-01-26,埃及,1:0,(1-0),加纳,胜,平手,赢,小
99,非洲杯,2017-01-22,埃及,1:0,(0-0),乌干达,胜,半/一,赢,小
100,非洲杯,2017-01-18,马里,0:0,(0-0),埃及,平,*平/半,赢,小
101,友谊赛,2017-01-09,埃及,1:0,(0-0),突尼斯,胜,半球,赢,小
102,非洲预,2016-11-13,埃及,2:0,(1-0),加纳,胜,平/半,赢,小
103,非洲预,2016-10-09,刚果,1:2,(1-1),埃及,胜,平手,输,大
104,友谊赛,2016-09-07,南非,1:0,(1-0),埃及,负,平/半,赢,小
105,友谊赛,2016-08-31,埃及,1:1,(1-0),几内亚,平,一球,输,小
106,非洲杯,2016-06-04,坦桑尼亚,0:2,(0-1),埃及,胜,*一球,输,小
107,非洲杯,2016-03-30,埃及,1:0,(0-0),尼日利亚,胜,半球,赢,小
108,非洲杯,2016-03-25,尼日利亚,1:1,(0-0),埃及,平,半/一,输,小
109,友谊赛,2016-02-27,埃及,2:0,(1-0),布基纳法索,胜,半/一,赢,小
110,友谊赛,2016-01-29,埃及,2:0,(1-0),利比亚,胜,平手,-,小
111,友谊赛,2016-01-27,埃及,0:1,(0-1),约旦,负,半球,输,小
112,非洲预,2015-11-18,埃及,4:0,(4-0),乍得,胜,两球,赢,大
113,非洲预,2015-11-14,乍得,1:0,(0-0),埃及,负,*一/半,赢,小
114,友谊赛,2015-10-12,埃及,3:0,(1-0),赞比亚,胜,半球,赢,大
115,世界杯,2018-07-06,乌拉圭,0:2,(0-1),法国,负,*半球,输,小
116,世界杯,2018-07-01,乌拉圭,2:1,(1-0),葡萄牙,胜,平手,赢,大
117,世界杯,2018-06-25,乌拉圭,3:0,(2-0),俄罗斯,胜,*平/半,赢,大
118,世界杯,2018-06-20,乌拉圭,1:0,(1-0),沙特阿拉伯,胜,球半/两,输,小
119,世界杯,2018-06-15,埃及,0:1,(0-0),乌拉圭,胜,*半/一,输,小
120,友谊赛,2018-06-08,乌拉圭,3:0,(1-0),乌兹别克斯坦,胜,两/半,赢,大
121,中国杯,2018-03-26,威尔士,0:1,(0-0),乌拉圭,胜,*半球,输,小
122,中国杯,2018-03-23,乌拉圭,2:0,(2-0),捷克,胜,一球,赢,小
123,友谊赛,2017-11-15,奥地利,2:1,(1-1),乌拉圭,负,平手,赢,大
124,友谊赛,2017-11-11,波兰,0:0,(0-0),乌拉圭,平,平手,走,小
125,南美预,2017-10-11,乌拉圭,4:2,(2-1),玻利维亚,胜,两/半,输,大
126,南美预,2017-10-06,委内瑞拉,0:0,(0-0),乌拉圭,平,*半/一,赢,小
127,南美预,2017-09-06,巴拉圭,1:2,(0-0),乌拉圭,胜,平手,输,大
128,南美预,2017-09-01,乌拉圭,0:0,(0-0),阿根廷,平,*平/半,赢,小
129,友谊赛,2017-06-08,意大利,3:0,(1-0),乌拉圭,负,平/半,赢,大
130,友谊赛,2017-06-05,爱尔兰,3:1,(1-1),乌拉圭,负,平手,赢,大
131,南美预,2017-03-29,秘鲁,2:1,(1-1),乌拉圭,负,平手,赢,大
132,南美预,2017-03-24,乌拉圭,1:4,(1-1),巴西,负,*平/半,输,大
133,南美预,2016-11-16,智利,3:1,(1-1),乌拉圭,负,平/半,赢,大
134,南美预,2016-11-11,乌拉圭,2:1,(2-1),厄瓜多尔,胜,半/一,赢,大
135,南美预,2016-10-12,哥伦比亚,2:2,(1-1),乌拉圭,平,平/半,输,大
136,南美预,2016-10-07,乌拉圭,3:0,(1-0),委内瑞拉,胜,球半,赢,大
137,南美预,2016-09-07,乌拉圭,4:0,(3-0),巴拉圭,胜,一球,赢,大
138,南美预,2016-09-02,阿根廷,1:0,(1-0),乌拉圭,负,一球,走,小
139,美洲杯,2016-06-14,乌拉圭,3:0,(1-0),牙买加,胜,一/半,赢,大
140,美洲杯,2016-06-10,乌拉圭,0:1,(0-1),委内瑞拉,负,半/一,输,小
141,美洲杯,2016-06-06,墨西哥,3:1,(1-0),乌拉圭,负,*平/半,赢,大
142,友谊赛,2016-05-28,乌拉圭,3:1,(2-1),特立尼达和多巴哥,胜,球半/两,赢,大
143,南美预,2016-03-30,乌拉圭,1:0,(0-0),秘鲁,胜,一/半,输,小
144,南美预,2016-03-26,巴西,2:2,(2-1),乌拉圭,平,半/一,输,大
145,南美预,2015-11-18,乌拉圭,3:0,(1-0),智利,胜,平/半,赢,大
146,南美预,2015-11-13,厄瓜多尔,2:1,(1-0),乌拉圭,负,半球,赢,大
147,南美预,2015-10-14,乌拉圭,3:0,(1-0),哥伦比亚,胜,平/半,赢,大
148,南美预,2015-10-09,玻利维亚,0:2,(0-1),乌拉圭,胜,平/半,输,小
149,友谊赛,2015-09-09,哥斯达黎加,1:0,(1-0),乌拉圭,负,*平/半,赢,小
150,世界杯,2018-07-01,乌拉圭,2:1,(1-0),葡萄牙,负,平手,赢,大
151,世界杯,2018-06-26,伊朗,1:1,(0-1),葡萄牙,平,*一/半,赢,小
152,世界杯,2018-06-20,葡萄牙,1:0,(1-0),摩洛哥,胜,一球,走,小
153,世界杯,2018-06-16,葡萄牙,3:3,(2-1),西班牙,平,*半球,赢,大
154,友谊赛,2018-06-08,葡萄牙,3:0,(2-0),阿尔及利亚,胜,一球,赢,大
155,友谊赛,2018-06-03,比利时,0:0,(0-0),葡萄牙,平,半球,输,小
156,友谊赛,2018-05-29,葡萄牙,2:2,(2-1),突尼斯,平,一/半,输,大
157,友谊赛,2018-03-27,荷兰,3:0,(3-0),葡萄牙,负,*平/半,赢,大
158,友谊赛,2018-03-24,葡萄牙,2:1,(0-0),埃及,胜,半/一,赢,大
159,友谊赛,2017-11-15,葡萄牙,1:1,(1-1),美国,平,一球,输,小
160,友谊赛,2017-11-11,葡萄牙,3:0,(1-0),沙特阿拉伯,胜,两球,赢,大
161,欧预选,2017-10-11,葡萄牙,2:0,(1-0),瑞士,胜,半/一,赢,小
162,欧预选,2017-10-08,安道尔,0:2,(0-0),葡萄牙,胜,*三半/四,赢,小
163,欧预选,2017-09-04,匈牙利,0:1,(0-0),葡萄牙,胜,*一/半,赢,小
164,欧预选,2017-09-01,葡萄牙,5:1,(2-1),法罗群岛,胜,三半,赢,大
165,联合杯,2017-07-02,葡萄牙,1:1,(0-0),墨西哥,平,平/半,输,小
166,联合杯,2017-06-29,葡萄牙,0:0,(0-0),智利,平,平/半,输,小
167,联合杯,2017-06-24,新西兰,0:4,(0-2),葡萄牙,胜,*两半,输,大
168,联合杯,2017-06-21,俄罗斯,0:1,(0-1),葡萄牙,胜,*半球,输,小
169,联合杯,2017-06-18,葡萄牙,2:2,(1-1),墨西哥,平,半球,输,大
170,欧预选,2017-06-10,拉脱维亚,0:3,(0-1),葡萄牙,胜,*两半,输,大
171,友谊赛,2017-06-03,葡萄牙,4:0,(2-0),塞浦路斯,胜,两球,赢,大
172,友谊赛,2017-03-29,葡萄牙,2:3,(2-0),瑞典,负,半/一,输,大
173,欧预选,2017-03-26,葡萄牙,3:0,(2-0),匈牙利,胜,球半,赢,大
174,欧预选,2016-11-14,葡萄牙,4:1,(1-0),拉脱维亚,胜,两半/三,赢,大
175,欧预选,2016-10-11,法罗群岛,0:6,(0-3),葡萄牙,胜,*两/半,输,大
176,欧预选,2016-10-08,葡萄牙,6:0,(3-0),安道尔,胜,四/半,赢,大
177,欧预选,2016-09-07,瑞士,2:0,(2-0),葡萄牙,负,平/半,赢,小
178,友谊赛,2016-09-02,葡萄牙,5:0,(1-0),直布罗陀,胜,五半,输,大
179,欧锦赛,2016-07-11,法国,0:0,(0-0),葡萄牙,平,半球,输,小
180,欧锦赛,2016-07-07,葡萄牙,2:0,(0-0),威尔士,胜,平/半,赢,小
181,欧锦赛,2016-07-01,波兰,1:1,(1-1),葡萄牙,平,*平/半,赢,小
182,欧锦赛,2016-06-26,克罗地亚,0:0,(0-0),葡萄牙,平,平手,走,小
183,欧锦赛,2016-06-22,匈牙利,3:3,(1-1),葡萄牙,平,*一球,赢,大
184,欧锦赛,2016-06-19,葡萄牙,0:0,(0-0),奥地利,平,平/半,输,小
185,欧锦赛,2016-06-15,葡萄牙,1:1,(1-0),冰岛,平,半/一,输,小
186,友谊赛,2016-06-09,葡萄牙,7:0,(3-0),爱沙尼亚,胜,两球,赢,大
187,友谊赛,2016-06-03,英格兰,1:0,(0-0),葡萄牙,负,半球,赢,小
188,友谊赛,2016-05-30,葡萄牙,3:0,(1-0),挪威,胜,一球,赢,大
189,友谊赛,2016-03-30,葡萄牙,2:1,(2-0),比利时,胜,平/半,赢,大
190,友谊赛,2016-03-26,葡萄牙,0:1,(0-1),保加利亚,负,一/半,输,小
191,友谊赛,2015-11-18,卢森堡,0:2,(0-1),葡萄牙,胜,*球半,输,小
192,友谊赛,2015-11-14,俄罗斯,1:0,(0-0),葡萄牙,负,平手,-,小
193,欧锦赛,2015-10-11,塞尔维亚,1:2,(0-1),葡萄牙,胜,平/半,输,大
194,欧锦赛,2015-10-09,葡萄牙,1:0,(0-0),丹麦,胜,半/一,赢,小
195,欧锦赛,2015-09-08,阿尔巴尼亚,0:1,(0-0),葡萄牙,胜,*半/一,输,小
196,世界杯,2018-07-01,西班牙,1:1,(1-1),俄罗斯,平,一球,输,小
197,世界杯,2018-06-26,西班牙,2:2,(1-1),摩洛哥,平,一/半,输,大
198,世界杯,2018-06-21,伊朗,0:1,(0-0),西班牙,胜,*球半/两,赢,小
199,世界杯,2018-06-16,葡萄牙,3:3,(2-1),西班牙,平,*半球,赢,大
200,友谊赛,2018-06-10,突尼斯,0:1,(0-0),西班牙,胜,*球半,赢,小
201,友谊赛,2018-06-04,西班牙,1:1,(1-0),瑞士,平,球半,输,小
202,友谊赛,2018-03-28,西班牙,6:1,(2-1),阿根廷,胜,平/半,赢,大
203,友谊赛,2018-03-24,德国,1:1,(1-1),西班牙,平,平/半,输,小
204,友谊赛,2017-11-15,俄罗斯,3:3,(1-2),西班牙,平,*一球,赢,大
205,友谊赛,2017-11-12,西班牙,5:0,(2-0),哥斯达黎加,胜,两球,赢,大
206,欧预选,2017-10-10,以色列,0:1,(0-0),西班牙,胜,*一/半,赢,小
207,欧预选,2017-10-07,西班牙,3:0,(3-0),阿尔巴尼亚,胜,两半/三,赢,大
208,欧预选,2017-09-06,列支敦士登,0:8,(0-4),西班牙,胜,*四半/五,输,大
209,欧预选,2017-09-03,西班牙,3:0,(2-0),意大利,胜,半球,赢,大
210,欧预选,2017-06-12,马其顿,1:2,(0-2),西班牙,胜,*两/半,赢,大
211,友谊赛,2017-06-08,西班牙,2:2,(1-1),哥伦比亚,平,一球,输,大
212,友谊赛,2017-03-29,法国,0:2,(0-0),西班牙,胜,平/半,输,小
213,欧预选,2017-03-25,西班牙,4:1,(2-0),以色列,胜,两半,赢,大
214,友谊赛,2016-11-16,英格兰,2:2,(1-0),西班牙,平,平手,走,大
215,欧预选,2016-11-13,西班牙,4:0,(1-0),马其顿,胜,两半/三,赢,大
216,欧预选,2016-10-10,阿尔巴尼亚,0:2,(0-0),西班牙,胜,*一/半,输,小
217,欧预选,2016-10-07,意大利,1:1,(0-0),西班牙,平,平手,走,小
218,欧预选,2016-09-06,西班牙,8:0,(1-0),列支敦士登,胜,四半,赢,大
219,友谊赛,2016-09-02,比利时,0:2,(0-1),西班牙,胜,平手,输,小
220,欧锦赛,2016-06-27,意大利,2:0,(1-0),西班牙,负,*平/半,赢,小
221,欧锦赛,2016-06-22,克罗地亚,2:1,(1-1),西班牙,负,*半球,赢,大
222,欧锦赛,2016-06-18,西班牙,3:0,(2-0),土耳其,胜,一球,赢,大
223,欧锦赛,2016-06-13,西班牙,1:0,(0-0),捷克,胜,一球,走,小
224,友谊赛,2016-06-08,西班牙,0:1,(0-1),格鲁吉亚,负,两半,输,小
225,友谊赛,2016-06-01,西班牙,6:1,(3-0),韩国,胜,一/半,赢,大
226,友谊赛,2016-05-29,西班牙,3:1,(2-1),波黑,胜,球半,赢,大
227,友谊赛,2016-03-28,罗马尼亚,0:0,(0-0),西班牙,平,*半/一,赢,小
228,友谊赛,2016-03-25,意大利,1:1,(0-0),西班牙,平,平手,走,小
229,友谊赛,2015-11-14,西班牙,2:0,(0-0),英格兰,胜,半/一,赢,小
230,欧锦赛,2015-10-13,乌克兰,0:1,(0-1),西班牙,胜,平手,输,小
231,欧锦赛,2015-10-10,西班牙,4:0,(1-0),卢森堡,胜,三半/四,赢,大
232,欧锦赛,2015-09-09,马其顿,0:1,(0-1),西班牙,胜,*两/半,赢,小
233,世界杯,2018-06-26,西班牙,2:2,(1-1),摩洛哥,平,一/半,输,大
234,世界杯,2018-06-20,葡萄牙,1:0,(1-0),摩洛哥,负,一球,走,小
235,世界杯,2018-06-15,摩洛哥,0:1,(0-0),伊朗,负,平/半,输,小
236,友谊赛,2018-06-09,爱沙尼亚,1:3,(0-2),摩洛哥,胜,*一球,输,大
237,友谊赛,2018-06-05,斯洛伐克,1:2,(0-0),摩洛哥,胜,平手,输,大
238,友谊赛,2018-06-01,摩洛哥,0:0,(0-0),乌克兰,平,平手,走,小
239,友谊赛,2018-03-28,摩洛哥,2:0,(2-0),乌兹别克斯坦,胜,一球,赢,小
240,友谊赛,2018-03-24,塞尔维亚,1:2,(1-2),摩洛哥,胜,半球,输,大
241,非国锦标,2018-02-05,摩洛哥,4:0,(1-0),尼日利亚,胜,半球,赢,大
242,非国锦标,2018-02-01,摩洛哥,1:1,(0-0),利比亚,平,一球,输,小
243,非国锦标,2018-01-28,摩洛哥,2:0,(1-0),纳米比亚,胜,一/半,赢,小
244,非国锦标,2018-01-22,摩洛哥,0:0,(0-0),苏丹,平,平手,-,小
245,非国锦标,2018-01-18,摩洛哥,3:1,(1-1),几内亚,胜,一/半,赢,大
246,非国锦标,2018-01-14,摩洛哥,4:0,(0-0),毛里塔尼亚,胜,一球,赢,大
247,非洲预,2017-11-12,科特迪瓦,0:2,(0-2),摩洛哥,胜,平/半,输,小
248,友谊赛,2017-10-10,韩国,1:3,(0-2),摩洛哥,胜,平手,输,大
249,非洲预,2017-10-08,摩洛哥,3:0,(1-0),加蓬,胜,一球,赢,大
250,非洲预,2017-09-06,马里,0:0,(0-0),摩洛哥,平,*平/半,赢,小
251,非洲预,2017-09-02,摩洛哥,6:0,(2-0),马里,胜,一球,赢,大
252,非国锦标,2017-08-19,摩洛哥,3:1,(0-0),埃及,胜,平/半,赢,大
253,非国锦标,2017-08-14,埃及,1:1,(1-0),摩洛哥,平,平手,-,小
254,非洲杯,2017-06-10,喀麦隆,1:0,(1-0),摩洛哥,负,半球,赢,小
255,友谊赛,2017-06-02,卢旺达,2:0,(1-0),摩洛哥,负,半球,赢,小
256,友谊赛,2017-06-01,摩洛哥,1:2,(0-1),荷兰,负,*平/半,输,大
257,友谊赛,2017-03-29,摩洛哥,1:0,(1-0),突尼斯,胜,半球,赢,小
258,友谊赛,2017-03-25,摩洛哥,2:0,(1-0),布基纳法索,胜,半球,赢,小
259,友谊赛,2017-03-23,摩洛哥,2:1,(1-1),冈比亚,胜,一/半,输,大
260,非洲杯,2017-01-30,埃及,1:0,(0-0),摩洛哥,负,平手,赢,小
261,非洲杯,2017-01-25,摩洛哥,1:0,(0-0),科特迪瓦,胜,*平/半,赢,小
262,非洲杯,2017-01-21,摩洛哥,3:1,(2-1),多哥,胜,半球,赢,大
263,非洲杯,2017-01-17,民主刚果,1:0,(0-0),摩洛哥,负,*平/半,赢,小
264,友谊赛,2017-01-09,摩洛哥,0:1,(0-1),芬兰,负,一/半,输,小
265,友谊赛,2017-01-04,摩洛哥,1:0,(1-0),布基纳法索,胜,平/半,赢,小
266,友谊赛,2016-11-16,摩洛哥,2:1,(1-1),多哥,胜,半/一,赢,大
267,非洲预,2016-11-13,摩洛哥,0:0,(0-0),科特迪瓦,平,平/半,输,小
268,友谊赛,2016-10-12,摩洛哥,4:0,(1-0),加拿大,胜,半球,赢,大
269,友谊赛,2016-10-11,摩洛哥,2:1,(1-0),约旦,胜,半/一,赢,大
270,非洲预,2016-10-08,加蓬,0:0,(0-0),摩洛哥,平,平/半,输,小
271,非洲杯,2016-09-05,摩洛哥,2:0,(0-0),圣多美与普林西比,胜,三半/四,输,小
272,友谊赛,2016-09-01,阿尔巴尼亚,0:0,(0-0),摩洛哥,平,平/半,输,小
273,非洲杯,2016-06-04,利比亚,1:1,(0-1),摩洛哥,平,*半/一,赢,小
274,友谊赛,2016-05-28,摩洛哥,2:0,(1-0),刚果,胜,一球,赢,小
275,非洲杯,2016-03-30,摩洛哥,2:0,(0-0),佛得角,胜,一球,赢,小
276,非洲杯,2016-03-27,佛得角,0:1,(0-1),摩洛哥,胜,平/半,输,小
277,非国锦标,2016-01-24,卢旺达,1:4,(1-4),摩洛哥,胜,平手,输,大
278,非国锦标,2016-01-20,摩洛哥,0:1,(0-1),科特迪瓦,负,*平/半,输,小
279,非国锦标,2016-01-16,加蓬,0:0,(0-0),摩洛哥,平,*平/半,赢,小
280,非洲预,2015-11-15,赤道几内亚,1:0,(1-0),摩洛哥,负,*半球,赢,小
281,非洲预,2015-11-13,摩洛哥,2:0,(1-0),赤道几内亚,胜,一/半,赢,小
282,非国锦标,2015-10-26,突尼斯,2:3,(1-1),摩洛哥,胜,平/半,输,大
283,非国锦标,2015-10-23,利比亚,0:4,(0-2),摩洛哥,胜,平手,输,大
284,友谊赛,2015-10-13,摩洛哥,1:1,(1-1),几内亚,平,半/一,输,小
285,友谊赛,2015-10-10,摩洛哥,0:1,(0-0),科特迪瓦,负,*平/半,输,小
286,世界杯,2018-06-26,伊朗,1:1,(0-1),葡萄牙,平,*一/半,赢,小
287,世界杯,2018-06-21,伊朗,0:1,(0-0),西班牙,负,*球半/两,赢,小
288,世界杯,2018-06-15,摩洛哥,0:1,(0-0),伊朗,胜,平/半,输,小
289,友谊赛,2018-06-08,伊朗,1:0,(0-0),立陶宛,胜,一球,走,小
290,友谊赛,2018-05-29,土耳其,2:1,(1-0),伊朗,负,半球,赢,大
291,友谊赛,2018-05-20,伊朗,1:0,(1-0),乌兹别克斯坦,胜,球半/两,输,小
292,友谊赛,2018-03-27,阿尔及利亚,1:2,(0-2),伊朗,胜,*平/半,输,大
293,友谊赛,2018-03-24,突尼斯,1:0,(0-0),伊朗,负,平手,赢,小
294,友谊赛,2018-03-17,伊朗,4:0,(3-0),塞拉利昂,胜,半/一,赢,大
295,友谊赛,2017-11-13,委内瑞拉,0:1,(0-0),伊朗,胜,*半球,输,小
296,友谊赛,2017-11-10,伊朗,2:1,(2-1),巴拿马,胜,平/半,赢,大
297,友谊赛,2017-10-11,俄罗斯,1:1,(0-0),伊朗,平,半球,输,小
298,友谊赛,2017-10-05,伊朗,2:0,(0-0),多哥,胜,球半,赢,小
299,亚洲预,2017-09-05,伊朗,2:2,(1-1),叙利亚,平,平/半,输,大
300,亚洲预,2017-08-31,韩国,0:0,(0-0),伊朗,平,半球,输,小
301,亚洲预,2017-06-13,伊朗,2:0,(1-0),乌兹别克斯坦,胜,半/一,赢,小
302,友谊赛,2017-06-05,黑山,1:2,(1-1),伊朗,胜,平/半,输,大
303,亚洲预,2017-03-28,伊朗,1:0,(0-0),中国,胜,一球,走,小
304,亚洲预,2017-03-24,卡塔尔,0:1,(0-0),伊朗,胜,*平/半,输,小
305,友谊赛,2017-03-18,伊朗,0:1,(0-0),伊拉克,负,半/一,输,小
306,亚洲预,2016-11-15,叙利亚,0:0,(0-0),伊朗,平,*一球,赢,小
307,友谊赛,2016-11-11,伊朗,8:1,(2-0),巴布亚新几内亚,胜,平手,-,大
308,亚洲预,2016-10-11,伊朗,1:0,(1-0),韩国,胜,平手,赢,小
309,亚洲预,2016-10-06,乌兹别克斯坦,0:1,(0-1),伊朗,胜,平手,输,小
310,亚洲预,2016-09-06,中国,0:0,(0-0),伊朗,平,*平/半,赢,小
311,亚洲预,2016-09-02,伊朗,2:0,(0-0),卡塔尔,胜,一球,赢,小
312,友谊赛,2016-08-19,史柏,0:3,(0-2),伊朗,胜,平手,-,大
313,友谊赛,2016-06-08,伊朗,6:0,(3-0),吉尔吉斯斯坦,胜,球半,赢,大
314,友谊赛,2016-06-03,马其顿,1:3,(1-2),伊朗,胜,平手,输,大
315,亚洲预,2016-03-29,伊朗,2:0,(2-0),阿曼,胜,一/半,赢,小
316,亚洲预,2016-03-24,伊朗,4:0,(1-0),印度,胜,三半/四,赢,大
317,亚洲预,2015-11-17,关岛,0:6,(0-2),伊朗,胜,*两/半,输,大
318,亚洲预,2015-11-12,伊朗,3:1,(1-0),土库曼斯坦,胜,两半,输,大
319,友谊赛,2015-10-13,伊朗,1:1,(1-0),日本,平,平手,走,小
320,亚洲预,2015-10-08,阿曼,1:1,(0-0),伊朗,平,*半球,赢,小
321,亚洲预,2015-09-08,印度,0:3,(0-1),伊朗,胜,*两/半,输,大
322,世界杯,2018-07-15,法国,4:2,(2-1),克罗地亚,胜,半球,赢,大
323,世界杯,2018-07-11,法国,1:0,(0-0),比利时,胜,平/半,赢,小
324,世界杯,2018-07-06,乌拉圭,0:2,(0-1),法国,胜,*半球,输,小
325,世界杯,2018-06-30,法国,4:3,(1-1),阿根廷,胜,平/半,赢,大
326,世界杯,2018-06-26,丹麦,0:0,(0-0),法国,平,*半/一,赢,小
327,世界杯,2018-06-21,法国,1:0,(1-0),秘鲁,胜,一/半,输,小
328,世界杯,2018-06-16,法国,2:1,(0-0),澳大利亚,胜,球半/两,输,大
329,友谊赛,2018-06-10,法国,1:1,(0-1),美国,平,两球,输,小
330,友谊赛,2018-06-02,法国,3:1,(2-1),意大利,胜,半/一,赢,大
331,友谊赛,2018-05-29,法国,2:0,(2-0),爱尔兰,胜,球半,赢,小
332,友谊赛,2018-03-27,俄罗斯,1:3,(0-1),法国,胜,*一球,输,大
333,友谊赛,2018-03-24,法国,2:3,(2-1),哥伦比亚,负,半/一,输,大
334,友谊赛,2017-11-15,德国,2:2,(0-1),法国,平,平/半,输,大
335,友谊赛,2017-11-11,法国,2:0,(1-0),威尔士,胜,球半,赢,小
336,欧预选,2017-10-11,法国,2:1,(2-1),白俄罗斯,胜,两半/三,输,大
337,欧预选,2017-10-08,保加利亚,0:1,(0-1),法国,胜,*球半,赢,小
338,欧预选,2017-09-04,法国,0:0,(0-0),卢森堡,平,四半,输,小
339,欧预选,2017-09-01,法国,4:0,(1-0),荷兰,胜,半/一,赢,大
340,友谊赛,2017-06-14,法国,3:2,(2-1),英格兰,胜,半球,赢,大
341,欧预选,2017-06-10,瑞典,2:1,(1-1),法国,负,*半/一,赢,大
342,友谊赛,2017-06-03,法国,5:0,(2-0),巴拉圭,胜,球半,赢,大
343,友谊赛,2017-03-29,法国,0:2,(0-0),西班牙,负,平/半,输,小
344,欧预选,2017-03-26,卢森堡,1:3,(1-2),法国,胜,*三球,赢,大
345,友谊赛,2016-11-16,法国,0:0,(0-0),科特迪瓦,平,球半,输,小
346,欧预选,2016-11-12,法国,2:1,(0-0),瑞典,胜,球半,输,大
347,欧预选,2016-10-11,荷兰,0:1,(0-1),法国,胜,*平/半,输,小
348,欧预选,2016-10-08,法国,4:1,(3-1),保加利亚,胜,两/半,赢,大
349,欧预选,2016-09-07,白俄罗斯,0:0,(0-0),法国,平,*一/半,赢,小
350,友谊赛,2016-09-02,意大利,1:3,(1-2),法国,胜,平手,输,大
351,欧锦赛,2016-07-11,法国,0:0,(0-0),葡萄牙,平,半球,输,小
352,欧锦赛,2016-07-08,法国,2:0,(1-0),德国,胜,平手,赢,小
353,欧锦赛,2016-07-04,法国,5:2,(4-0),冰岛,胜,一/半,赢,大
354,欧锦赛,2016-06-26,法国,2:1,(0-1),爱尔兰,胜,一球,走,大
355,欧锦赛,2016-06-20,法国,0:0,(0-0),瑞士,平,半/一,输,小
356,欧锦赛,2016-06-16,法国,2:0,(0-0),阿尔巴尼亚,胜,球半/两,赢,小
357,欧锦赛,2016-06-11,法国,2:1,(0-0),罗马尼亚,胜,一/半,输,大
358,友谊赛,2016-06-05,法国,3:0,(3-0),苏格兰,胜,球半,赢,大
359,友谊赛,2016-05-31,法国,3:2,(2-1),喀麦隆,胜,球半,输,大
360,友谊赛,2016-03-30,法国,4:2,(2-0),俄罗斯,胜,一球,赢,大
361,友谊赛,2016-03-26,荷兰,2:3,(0-2),法国,胜,*平/半,输,大
362,友谊赛,2015-11-18,英格兰,2:0,(1-0),法国,负,平手,赢,小
363,友谊赛,2015-11-14,法国,2:0,(1-0),德国,胜,平/半,赢,小
364,友谊赛,2015-10-12,丹麦,1:2,(0-2),法国,胜,*半球,输,大
365,友谊赛,2015-10-09,法国,4:0,(1-0),阿美尼亚,胜,球半/两,赢,大
366,友谊赛,2015-09-08,法国,2:1,(2-1),塞尔维亚,胜,一球,走,大
367,世界杯,2018-06-26,澳大利亚,0:2,(0-1),秘鲁,负,*平/半,输,小
368,世界杯,2018-06-21,丹麦,1:1,(1-1),澳大利亚,平,半/一,输,小
369,世界杯,2018-06-16,法国,2:1,(0-0),澳大利亚,负,球半/两,输,大
370,友谊赛,2018-06-09,匈牙利,1:2,(0-0),澳大利亚,胜,平手,输,大
371,友谊赛,2018-06-01,澳大利亚,4:0,(1-0),捷克,胜,*平/半,赢,大
372,友谊赛,2018-03-28,哥伦比亚,0:0,(0-0),澳大利亚,平,一/半,输,小
373,友谊赛,2018-03-24,挪威,4:1,(1-1),澳大利亚,负,平/半,赢,大
374,世界杯附,2017-11-15,澳大利亚,3:1,(0-0),洪都拉斯,胜,一球,赢,大
375,世界杯附,2017-11-11,洪都拉斯,0:0,(0-0),澳大利亚,平,半球,输,小
376,亚洲预,2017-10-10,澳大利亚,1:1,(1-1),叙利亚,平,一/半,输,小
377,亚洲预,2017-10-05,叙利亚,1:1,(0-1),澳大利亚,平,*半球,赢,小
378,亚洲预,2017-09-05,澳大利亚,2:1,(0-0),泰国,胜,三球,输,大
379,亚洲预,2017-08-31,日本,2:0,(1-0),澳大利亚,负,半球,赢,小
380,联合杯,2017-06-25,智利,1:1,(0-1),澳大利亚,平,一/半,输,小
381,联合杯,2017-06-22,喀麦隆,1:1,(1-0),澳大利亚,平,平/半,输,小
382,联合杯,2017-06-19,澳大利亚,2:3,(1-2),德国,负,*一/半,赢,大
383,友谊赛,2017-06-13,澳大利亚,0:4,(0-1),巴西,负,*一/半,输,大
384,亚洲预,2017-06-08,澳大利亚,3:2,(2-2),沙特阿拉伯,胜,一/半,输,大
385,亚洲预,2017-03-28,澳大利亚,2:0,(1-0),阿联酋,胜,球半,赢,小
386,亚洲预,2017-03-23,伊拉克,1:1,(0-1),澳大利亚,平,*半/一,赢,小
387,亚洲预,2016-11-15,泰国,2:2,(1-1),澳大利亚,平,*球半,赢,大
388,亚洲预,2016-10-11,澳大利亚,1:1,(0-1),日本,平,平/半,输,小
389,亚洲预,2016-10-07,沙特阿拉伯,2:2,(1-1),澳大利亚,平,*平/半,赢,大
390,亚洲预,2016-09-06,阿联酋,0:1,(0-0),澳大利亚,胜,*平/半,输,小
391,亚洲预,2016-09-01,澳大利亚,2:0,(0-0),伊拉克,胜,球半,赢,小
392,友谊赛,2016-06-07,澳大利亚,1:2,(0-2),希腊,负,平/半,输,大
393,友谊赛,2016-06-04,澳大利亚,1:0,(0-0),希腊,胜,平/半,赢,小
394,友谊赛,2016-05-28,英格兰,2:1,(1-0),澳大利亚,负,球半,输,大
395,亚洲预,2016-03-29,澳大利亚,5:1,(3-0),约旦,胜,球半,赢,大
396,亚洲预,2016-03-24,澳大利亚,7:0,(2-0),塔吉克斯坦,胜,三/半,赢,大
397,亚洲预,2015-11-17,孟加拉,0:4,(0-4),澳大利亚,胜,*三半,输,大
398,亚洲预,2015-11-12,澳大利亚,3:0,(1-0),吉尔吉斯斯坦,胜,两半/三,赢,大
399,亚洲预,2015-10-08,约旦,2:0,(0-0),澳大利亚,负,*半/一,赢,小
400,亚洲预,2015-09-08,塔吉克斯坦,0:3,(0-0),澳大利亚,胜,*两半,输,大
401,世界杯,2018-06-26,澳大利亚,0:2,(0-1),秘鲁,胜,*平/半,输,小
402,世界杯,2018-06-21,法国,1:0,(1-0),秘鲁,负,一/半,输,小
403,世界杯,2018-06-17,秘鲁,0:1,(0-0),丹麦,负,*平/半,输,小
404,友谊赛,2018-06-10,瑞典,0:0,(0-0),秘鲁,平,平/半,输,小
405,友谊赛,2018-06-04,沙特阿拉伯,0:3,(0-2),秘鲁,胜,*半/一,输,大
406,友谊赛,2018-05-30,秘鲁,2:0,(1-0),苏格兰,胜,球半,赢,小
407,友谊赛,2018-03-28,秘鲁,3:1,(1-1),冰岛,胜,平手,-,大
408,友谊赛,2018-03-24,秘鲁,2:0,(1-0),克罗地亚,胜,*半球,赢,小
409,世界杯附,2017-11-16,秘鲁,2:0,(1-0),新西兰,胜,球半/两,赢,小
410,世界杯附,2017-11-11,新西兰,0:0,(0-0),秘鲁,平,*半/一,赢,小
411,南美预,2017-10-11,秘鲁,1:1,(0-0),哥伦比亚,平,平手,走,小
412,南美预,2017-10-06,阿根廷,0:0,(0-0),秘鲁,平,球半/两,输,小
413,南美预,2017-09-06,厄瓜多尔,1:2,(0-0),秘鲁,胜,一球,输,大
414,南美预,2017-09-01,秘鲁,2:1,(0-0),玻利维亚,胜,一/半,输,大
415,友谊赛,2017-06-14,秘鲁,3:1,(2-0),牙买加,胜,一球,赢,大
416,友谊赛,2017-06-09,秘鲁,1:0,(0-0),巴拉圭,胜,半球,赢,小
417,南美预,2017-03-29,秘鲁,2:1,(1-1),乌拉圭,胜,平手,赢,大
418,南美预,2017-03-24,委内瑞拉,2:2,(2-0),秘鲁,平,平/半,输,大
419,南美预,2016-11-16,秘鲁,0:2,(0-0),巴西,负,*半/一,输,小
420,南美预,2016-11-11,巴拉圭,1:4,(1-0),秘鲁,胜,半球,输,大
421,南美预,2016-10-12,智利,2:1,(1-0),秘鲁,负,球半,输,大
422,南美预,2016-10-07,秘鲁,2:2,(0-1),阿根廷,平,*半球,赢,大
423,南美预,2016-09-07,秘鲁,2:1,(1-1),厄瓜多尔,胜,平/半,赢,大
424,南美预,2016-09-02,玻利维亚,0:3,(-),秘鲁,胜,平/半,输,大
425,美洲杯,2016-06-18,秘鲁,0:0,(0-0),哥伦比亚,平,*半/一,赢,小
426,美洲杯,2016-06-13,巴西,0:1,(0-0),秘鲁,胜,一球,输,小
427,美洲杯,2016-06-09,厄瓜多尔,2:2,(1-2),秘鲁,平,平/半,输,大
428,美洲杯,2016-06-05,海地,0:1,(0-0),秘鲁,胜,*一/半,赢,小
429,友谊赛,2016-05-29,秘鲁,3:1,(1-0),萨尔瓦多,胜,一球,赢,大
430,友谊赛,2016-05-24,秘鲁,4:0,(2-0),特立尼达和多巴哥,胜,一/半,赢,大
431,南美预,2016-03-30,乌拉圭,1:0,(0-0),秘鲁,负,一/半,输,小
432,南美预,2016-03-25,秘鲁,2:2,(0-1),委内瑞拉,平,半/一,输,大
433,南美预,2015-11-18,巴西,3:0,(1-0),秘鲁,负,球半,赢,大
434,南美预,2015-11-14,秘鲁,1:0,(1-0),巴拉圭,胜,半球,赢,小
435,南美预,2015-10-14,秘鲁,3:4,(2-3),智利,负,*平/半,输,大
436,南美预,2015-10-09,哥伦比亚,2:0,(1-0),秘鲁,负,一/半,赢,小
437,友谊赛,2015-09-09,哥伦比亚,1:1,(1-0),秘鲁,平,半/一,输,小
438,友谊赛,2015-09-05,美国,2:1,(0-1),秘鲁,负,半球,赢,大
439,美洲杯,2015-07-04,巴拉圭,0:2,(0-0),秘鲁,胜,平手,-,小
440,世界杯,2018-07-02,克罗地亚,1:1,(1-1),丹麦,平,半/一,输,小
441,世界杯,2018-06-26,丹麦,0:0,(0-0),法国,平,*半/一,赢,小
442,世界杯,2018-06-21,丹麦,1:1,(1-1),澳大利亚,平,半/一,输,小
443,世界杯,2018-06-17,秘鲁,0:1,(0-0),丹麦,胜,*平/半,输,小
444,友谊赛,2018-06-10,丹麦,2:0,(0-0),墨西哥,胜,平/半,赢,小
445,友谊赛,2018-06-03,瑞典,0:0,(0-0),丹麦,平,平手,走,小
446,友谊赛,2018-03-28,丹麦,0:0,(0-0),智利,平,平手,走,小
447,友谊赛,2018-03-23,丹麦,1:0,(0-0),巴拿马,胜,一/半,输,小
448,友谊赛,2018-01-15,约旦,3:2,(1-0),丹麦,负,*半/一,赢,大
449,友谊赛,2018-01-12,瑞典,1:0,(0-0),丹麦,负,平手,赢,小
450,欧预选,2017-11-15,爱尔兰,1:5,(1-2),丹麦,胜,平手,输,大
451,欧预选,2017-11-12,丹麦,0:0,(0-0),爱尔兰,平,半球,输,小
452,欧预选,2017-10-08,丹麦,1:1,(0-0),罗马尼亚,平,一/半,输,小
453,欧预选,2017-10-06,黑山,0:1,(0-1),丹麦,胜,*平/半,输,小
454,欧预选,2017-09-05,亚美尼亚,1:4,(1-2),丹麦,胜,*一/半,输,大
455,欧预选,2017-09-02,丹麦,4:0,(2-0),波兰,胜,平/半,赢,大
456,欧预选,2017-06-10,哈萨克斯坦,1:3,(0-1),丹麦,胜,*一球,输,大
457,友谊赛,2017-06-07,丹麦,1:1,(1-0),德国,平,*半球,赢,小
458,欧预选,2017-03-27,罗马尼亚,0:0,(0-0),丹麦,平,平手,走,小
459,友谊赛,2016-11-16,捷克,1:1,(1-1),丹麦,平,平手,走,小
460,欧预选,2016-11-12,丹麦,4:1,(2-1),哈萨克斯坦,胜,球半,赢,大
461,欧预选,2016-10-12,丹麦,0:1,(0-1),黑山,负,半/一,输,小
462,欧预选,2016-10-09,波兰,3:2,(2-0),丹麦,负,半球,赢,大
463,欧预选,2016-09-04,丹麦,1:0,(1-0),亚美尼亚,胜,一球,走,小
464,友谊赛,2016-09-01,丹麦,5:0,(2-0),列支敦士登,胜,两半/三,赢,大
465,麒麟杯,2016-06-07,丹麦,4:0,(1-0),保加利亚,胜,半/一,赢,大
466,麒麟杯,2016-06-03,波黑,2:2,(0-2),丹麦,平,平手,走,大
467,友谊赛,2016-03-30,苏格兰,1:0,(1-0),丹麦,负,平手,赢,小
468,友谊赛,2016-03-25,丹麦,2:1,(0-0),冰岛,胜,半球,赢,大
469,欧锦赛,2015-11-18,丹麦,2:2,(0-1),瑞典,平,平/半,输,大
470,欧锦赛,2015-11-15,瑞典,2:1,(1-0),丹麦,负,平/半,赢,大
471,友谊赛,2015-10-12,丹麦,1:2,(0-2),法国,负,*半球,输,大
472,欧锦赛,2015-10-09,葡萄牙,1:0,(0-0),丹麦,负,半/一,赢,小
473,欧锦赛,2015-09-07,亚美尼亚,0:0,(0-0),丹麦,平,*半球,赢,小
474,世界杯,2018-06-30,法国,4:3,(1-1),阿根廷,负,平/半,赢,大
475,世界杯,2018-06-27,尼日利亚,1:2,(0-1),阿根廷,胜,*一/半,赢,大
476,世界杯,2018-06-22,阿根廷,0:3,(0-0),克罗地亚,负,半/一,输,大
477,世界杯,2018-06-16,阿根廷,1:1,(1-1),冰岛,平,一/半,输,小
478,友谊赛,2018-05-30,阿根廷,4:0,(1-0),海地,胜,两半/三,赢,大
479,友谊赛,2018-03-28,西班牙,6:1,(2-1),阿根廷,负,平/半,赢,大
480,友谊赛,2018-03-24,意大利,0:2,(0-0),阿根廷,胜,半球,输,小
481,友谊赛,2017-11-15,阿根廷,2:4,(2-1),尼日利亚,负,一球,输,大
482,友谊赛,2017-11-11,俄罗斯,0:1,(0-0),阿根廷,胜,*半球,输,小
483,南美预,2017-10-11,厄瓜多尔,1:3,(1-2),阿根廷,胜,*一/半,输,大
484,南美预,2017-10-06,阿根廷,0:0,(0-0),秘鲁,平,球半/两,输,小
485,南美预,2017-09-06,阿根廷,1:1,(0-0),委内瑞拉,平,两半/三,输,小
486,南美预,2017-09-01,乌拉圭,0:0,(0-0),阿根廷,平,*平/半,赢,小
487,友谊赛,2017-06-13,新加坡,0:6,(0-2),阿根廷,胜,*四半,输,大
488,友谊赛,2017-06-09,巴西,0:1,(0-1),阿根廷,胜,平手,输,小
489,南美预,2017-03-29,玻利维亚,2:0,(1-0),阿根廷,负,*半球,赢,小
490,南美预,2017-03-24,阿根廷,1:0,(1-0),智利,胜,一球,走,小
491,南美预,2016-11-16,阿根廷,3:0,(2-0),哥伦比亚,胜,一球,赢,大
492,南美预,2016-11-11,巴西,3:0,(2-0),阿根廷,负,半球,赢,大
493,南美预,2016-10-12,阿根廷,0:1,(0-1),巴拉圭,负,球半,输,小
494,南美预,2016-10-07,秘鲁,2:2,(0-1),阿根廷,平,*半球,赢,大
495,南美预,2016-09-07,委内瑞拉,2:2,(1-0),阿根廷,平,*半/一,赢,大
496,南美预,2016-09-02,阿根廷,1:0,(1-0),乌拉圭,胜,一球,走,小
497,美洲杯,2016-06-27,阿根廷,0:0,(0-0),智利,平,半球,输,小
498,美洲杯,2016-06-22,美国,0:4,(0-2),阿根廷,胜,*一球,输,大
499,美洲杯,2016-06-19,阿根廷,4:1,(2-0),委内瑞拉,胜,一/半,赢,大
500,美洲杯,2016-06-15,阿根廷,3:0,(3-0),玻利维亚,胜,两/半,赢,大
501,美洲杯,2016-06-11,阿根廷,5:0,(1-0),巴拿马,胜,球半/两,赢,大
502,美洲杯,2016-06-07,阿根廷,2:1,(0-0),智利,胜,半球,赢,大
503,友谊赛,2016-05-28,阿根廷,1:0,(1-0),洪都拉斯,胜,两/半,输,小
504,南美预,2016-03-30,阿根廷,2:0,(2-0),玻利维亚,胜,两半,输,小
505,南美预,2016-03-25,智利,1:2,(1-2),阿根廷,胜,平手,输,大
506,南美预,2015-11-18,哥伦比亚,0:1,(0-1),阿根廷,胜,平/半,输,小
507,南美预,2015-11-14,阿根廷,1:1,(1-0),巴西,平,平/半,输,小
508,南美预,2015-10-14,巴拉圭,0:0,(0-0),阿根廷,平,*平/半,赢,小
509,南美预,2015-10-09,阿根廷,0:2,(0-0),厄瓜多尔,负,一/半,输,小
510,友谊赛,2015-09-09,阿根廷,2:2,(0-1),墨西哥,平,一球,输,大
511,友谊赛,2015-09-05,阿根廷,7:0,(3-0),玻利维亚,胜,两/半,赢,大
512,世界杯,2018-06-27,冰岛,1:2,(0-0),克罗地亚,负,*半/一,输,大
513,世界杯,2018-06-22,尼日利亚,2:0,(0-0),冰岛,负,平手,赢,小
514,世界杯,2018-06-16,阿根廷,1:1,(1-1),冰岛,平,一/半,输,小
515,友谊赛,2018-06-08,冰岛,2:2,(2-0),加纳,平,平/半,输,大
516,友谊赛,2018-06-03,冰岛,2:3,(1-1),挪威,负,半球,输,大
517,友谊赛,2018-03-28,秘鲁,3:1,(1-1),冰岛,负,平手,-,大
518,友谊赛,2018-03-24,冰岛,0:3,(0-1),墨西哥,负,平/半,输,大
519,友谊赛,2018-01-14,印度尼西亚,1:4,(1-1),冰岛,胜,*两半/三,输,大
520,友谊赛,2018-01-11,印度尼西亚,0:6,(0-1),冰岛,胜,*球半,输,大
521,友谊赛,2017-11-15,卡塔尔,1:1,(0-1),冰岛,平,*半/一,赢,小
522,友谊赛,2017-11-08,冰岛,1:2,(0-1),捷克,负,平/半,输,大
523,欧预选,2017-10-10,冰岛,2:0,(1-0),科索沃,胜,两半,输,小
524,欧预选,2017-10-07,土耳其,0:3,(0-2),冰岛,胜,半球,输,大
525,欧预选,2017-09-06,冰岛,2:0,(0-0),乌克兰,胜,平手,赢,小
526,欧预选,2017-09-03,芬兰,1:0,(1-0),冰岛,负,*半球,赢,小
527,欧预选,2017-06-12,冰岛,1:0,(0-0),克罗地亚,胜,*半球,赢,小
528,友谊赛,2017-03-29,爱尔兰,0:1,(0-1),冰岛,胜,平/半,输,小
529,欧预选,2017-03-25,科索沃,1:2,(0-2),冰岛,胜,*一/半,赢,大
530,友谊赛,2017-02-09,墨西哥,1:0,(1-0),冰岛,负,一/半,输,小
531,中国杯,2017-01-15,冰岛,0:1,(0-1),智利,负,*半/一,输,小
532,中国杯,2017-01-10,中国,0:2,(0-0),冰岛,胜,*半球,输,小
533,友谊赛,2016-11-16,马耳他,0:2,(0-0),冰岛,胜,*球半/两,输,小
534,欧预选,2016-11-13,克罗地亚,2:0,(1-0),冰岛,负,一球,赢,小
535,欧预选,2016-10-10,冰岛,2:0,(2-0),土耳其,胜,平/半,赢,小
536,欧预选,2016-10-07,冰岛,3:2,(1-2),芬兰,胜,半/一,赢,大
537,欧预选,2016-09-06,乌克兰,1:1,(1-1),冰岛,平,半/一,输,小
538,欧锦赛,2016-07-04,法国,5:2,(4-0),冰岛,负,一/半,赢,大
539,欧锦赛,2016-06-28,英格兰,1:2,(1-2),冰岛,胜,一球,输,大
540,欧锦赛,2016-06-22,冰岛,2:1,(1-0),奥地利,胜,*半球,赢,大
541,欧锦赛,2016-06-18,冰岛,1:1,(1-0),匈牙利,平,平/半,输,小
542,欧锦赛,2016-06-15,葡萄牙,1:1,(1-0),冰岛,平,半/一,输,小
543,友谊赛,2016-06-07,冰岛,4:0,(3-0),列支敦士登,胜,两半/三,赢,大
544,友谊赛,2016-06-02,挪威,3:2,(2-1),冰岛,负,平/半,赢,大
545,友谊赛,2016-03-30,希腊,2:3,(2-1),冰岛,胜,平/半,输,大
546,友谊赛,2016-03-25,丹麦,2:1,(0-0),冰岛,负,半球,赢,大
547,友谊赛,2016-02-01,美国,3:2,(1-1),冰岛,负,半/一,赢,大
548,友谊赛,2016-01-16,阿联酋,2:1,(1-1),冰岛,负,*平/半,赢,大
549,友谊赛,2016-01-13,芬兰,0:1,(0-1),冰岛,胜,*平/半,输,小
550,友谊赛,2015-11-18,斯洛伐克,3:1,(0-1),冰岛,负,平/半,赢,大
551,友谊赛,2015-11-14,波兰,4:2,(0-1),冰岛,负,半/一,赢,大
552,欧锦赛,2015-10-14,土耳其,1:0,(0-0),冰岛,负,一球,走,小
553,欧锦赛,2015-10-10,冰岛,2:2,(2-0),拉脱维亚,平,一球,输,大
554,欧锦赛,2015-09-07,冰岛,0:0,(0-0),哈萨克斯坦,平,球半,输,小
555,世界杯,2018-07-15,法国,4:2,(2-1),克罗地亚,负,半球,赢,大
556,世界杯,2018-07-12,克罗地亚,1:1,(0-1),英格兰,平,*平/半,赢,小
557,世界杯,2018-07-08,俄罗斯,1:1,(1-1),克罗地亚,平,*平/半,赢,小
558,世界杯,2018-07-02,克罗地亚,1:1,(1-1),丹麦,平,半/一,输,小
559,世界杯,2018-06-27,冰岛,1:2,(0-0),克罗地亚,胜,*半/一,输,大
560,世界杯,2018-06-22,阿根廷,0:3,(0-0),克罗地亚,胜,半/一,输,大
561,世界杯,2018-06-17,克罗地亚,2:0,(1-0),尼日利亚,胜,半球,赢,小
562,友谊赛,2018-06-09,克罗地亚,2:1,(0-0),塞内加尔,胜,半/一,赢,大
563,友谊赛,2018-06-03,巴西,2:0,(0-0),克罗地亚,负,一/半,赢,小
564,友谊赛,2018-03-28,墨西哥,0:1,(0-0),克罗地亚,胜,半球,输,小
565,友谊赛,2018-03-24,秘鲁,2:0,(1-0),克罗地亚,负,*半球,赢,小
566,欧预选,2017-11-13,希腊,0:0,(0-0),克罗地亚,平,*平/半,赢,小
567,欧预选,2017-11-10,克罗地亚,4:1,(3-1),希腊,胜,一球,赢,大
568,欧预选,2017-10-10,乌克兰,0:2,(0-0),克罗地亚,胜,平手,输,小
569,欧预选,2017-10-07,克罗地亚,1:1,(0-0),芬兰,平,两球,输,小
570,欧预选,2017-09-06,土耳其,1:0,(0-0),克罗地亚,负,*平/半,赢,小
571,欧预选,2017-09-03,克罗地亚,1:0,(0-0),科索沃,胜,三半,输,小
572,欧预选,2017-06-12,冰岛,1:0,(0-0),克罗地亚,负,*半球,赢,小
573,友谊赛,2017-05-28,墨西哥,1:2,(0-2),克罗地亚,胜,球半,输,大
574,友谊赛,2017-03-28,爱沙尼亚,3:0,(1-0),克罗地亚,负,*一球,赢,大
575,欧预选,2017-03-25,克罗地亚,1:0,(1-0),乌克兰,胜,一球,走,小
576,中国杯,2017-01-14,中国,1:1,(0-1),克罗地亚,平,*半/一,赢,小
577,中国杯,2017-01-11,智利,1:1,(1-0),克罗地亚,平,半球,输,小
578,友谊赛,2016-11-16,北爱尔兰,0:3,(0-2),克罗地亚,胜,*平/半,输,大
579,欧预选,2016-11-13,克罗地亚,2:0,(1-0),冰岛,胜,一球,赢,小
580,欧预选,2016-10-09,芬兰,0:1,(0-1),克罗地亚,胜,*一球,走,小
581,欧预选,2016-10-07,科索沃,0:6,(0-3),克罗地亚,胜,*一球,输,大
582,欧预选,2016-09-06,克罗地亚,1:1,(1-1),土耳其,平,半/一,输,小
583,欧锦赛,2016-06-26,克罗地亚,0:0,(0-0),葡萄牙,平,平手,走,小
584,欧锦赛,2016-06-22,克罗地亚,2:1,(1-1),西班牙,胜,*半球,赢,大
585,欧锦赛,2016-06-17,捷克,2:2,(0-1),克罗地亚,平,*平/半,赢,大
586,欧锦赛,2016-06-12,土耳其,0:1,(0-1),克罗地亚,胜,*平/半,输,小
587,友谊赛,2016-06-05,克罗地亚,10:0,(6-0),圣马力诺,胜,五,赢,大
588,友谊赛,2016-05-28,克罗地亚,1:0,(1-0),摩尔多瓦,胜,两/半,输,小
589,友谊赛,2016-03-27,匈牙利,1:1,(0-1),克罗地亚,平,*平/半,赢,小
590,友谊赛,2016-03-24,克罗地亚,2:0,(2-0),以色列,胜,一/半,赢,小
591,友谊赛,2015-11-17,俄罗斯,1:3,(1-0),克罗地亚,胜,平/半,输,大
592,欧锦赛,2015-10-14,马耳他,0:1,(0-1),克罗地亚,胜,*两/半,赢,小
593,欧锦赛,2015-10-11,克罗地亚,3:0,(2-0),保加利亚,胜,一/半,赢,大
594,欧锦赛,2015-09-06,挪威,2:0,(0-0),克罗地亚,负,*平/半,赢,小
595,世界杯,2018-06-27,尼日利亚,1:2,(0-1),阿根廷,负,*一/半,赢,大
596,世界杯,2018-06-22,尼日利亚,2:0,(0-0),冰岛,胜,平手,赢,小
597,世界杯,2018-06-17,克罗地亚,2:0,(1-0),尼日利亚,负,半球,赢,小
598,友谊赛,2018-06-06,捷克,1:0,(1-0),尼日利亚,负,*平/半,赢,小
599,友谊赛,2018-06-03,英格兰,2:1,(2-0),尼日利亚,负,一/半,输,大
600,友谊赛,2018-05-28,尼日利亚,1:1,(1-0),民主刚果,平,半/一,输,小
601,友谊赛,2018-03-28,尼日利亚,0:2,(0-0),塞尔维亚,负,平手,输,小
602,友谊赛,2018-03-24,波兰,0:1,(0-0),尼日利亚,胜,半球,输,小
603,非国锦标,2018-02-05,摩洛哥,4:0,(1-0),尼日利亚,负,半球,赢,大
604,非国锦标,2018-02-01,苏丹,0:1,(0-1),尼日利亚,胜,平手,输,小
605,非国锦标,2018-01-29,尼日利亚,1:1,(0-0),安哥拉,平,半球,输,小
606,非国锦标,2018-01-24,赤道几内亚,1:3,(1-0),尼日利亚,胜,*一/半,输,大
607,非国锦标,2018-01-20,利比亚,0:1,(0-0),尼日利亚,胜,平/半,输,小
608,非国锦标,2018-01-16,尼日利亚,0:0,(0-0),卢旺达,平,一球,输,小
609,友谊赛,2017-11-15,阿根廷,2:4,(2-1),尼日利亚,胜,一球,输,大
610,非洲预,2017-11-11,阿尔及利亚,1:1,(0-0),尼日利亚,平,平/半,输,小
611,非洲预,2017-10-07,尼日利亚,1:0,(0-0),赞比亚,胜,一球,走,小
612,西非杯,2017-09-25,加纳,4:1,(-),尼日利亚,负,平手,-,大
613,西非杯,2017-09-21,贝宁,0:1,(-),尼日利亚,胜,*半球,输,小
614,西非杯,2017-09-19,加纳,0:2,(-),尼日利亚,胜,半球,输,小
615,西非杯,2017-09-16,几内亚,0:0,(-),尼日利亚,平,平手,-,小
616,西非杯,2017-09-14,尼日利亚,0:0,(-),马里,平,平手,-,小
617,西非杯,2017-09-12,尼日利亚,2:0,(-),塞拉利昂,胜,平手,-,小
618,非洲预,2017-09-05,喀麦隆,1:1,(0-1),尼日利亚,平,平/半,输,小
619,非洲预,2017-09-02,尼日利亚,4:0,(2-0),喀麦隆,胜,半球,赢,大
620,非国锦标,2017-08-19,尼日利亚,2:0,(1-0),贝宁,胜,平手,-,小
621,非国锦标,2017-08-13,贝宁,1:0,(0-0),尼日利亚,负,平手,-,小
622,非洲杯,2017-06-10,尼日利亚,0:2,(0-0),南非,负,半/一,输,小
623,友谊赛,2017-06-02,尼日利亚,3:0,(3-0),多哥,胜,一球,赢,大
624,友谊赛,2017-03-24,尼日利亚,1:1,(0-0),塞内加尔,平,*平/半,赢,小
625,非洲预,2016-11-12,尼日利亚,3:1,(2-0),阿尔及利亚,胜,平/半,赢,大
626,非洲预,2016-10-09,赞比亚,1:2,(0-2),尼日利亚,胜,平手,输,大
627,非洲杯,2016-09-03,尼日利亚,1:0,(0-0),坦桑尼亚,胜,球半,输,小
628,友谊赛,2016-06-01,卢森堡,1:3,(0-1),尼日利亚,胜,*一球,输,大
629,友谊赛,2016-05-28,尼日利亚,1:0,(0-0),马里,胜,平/半,赢,小
630,非洲杯,2016-03-30,埃及,1:0,(0-0),尼日利亚,负,半球,赢,小
631,非洲杯,2016-03-25,尼日利亚,1:1,(0-0),埃及,平,半/一,输,小
632,非国锦标,2016-01-26,几内亚,1:0,(1-0),尼日利亚,负,*半球,赢,小
633,非国锦标,2016-01-22,突尼斯,1:1,(0-0),尼日利亚,平,*平/半,赢,小
634,非国锦标,2016-01-18,尼日利亚,4:1,(0-0),尼日尔,胜,半/一,赢,大
635,友谊赛,2016-01-11,尼日利亚,1:0,(1-0),科特迪瓦,胜,平手,-,小
636,友谊赛,2016-01-06,尼日利亚,1:1,(0-0),安哥拉,平,平手,-,小
637,非洲预,2015-11-17,尼日利亚,2:0,(0-0),斯威士兰,胜,球半/两,赢,小
638,非洲预,2015-11-14,斯威士兰,0:0,(0-0),尼日利亚,平,*一/半,赢,小
639,非国锦标,2015-10-25,布基纳法索,0:0,(0-0),尼日利亚,平,平手,-,小
640,非国锦标,2015-10-17,尼日利亚,2:0,(1-0),布基纳法索,胜,平手,-,小
641,友谊赛,2015-10-12,尼日利亚,3:0,(1-0),喀麦隆,胜,*平/半,赢,大
642,友谊赛,2015-10-09,尼日利亚,0:2,(0-2),民主刚果,负,半球,输,小
643,友谊赛,2015-09-08,尼日利亚,2:0,(1-0),尼日尔,胜,平手,-,小
644,世界杯,2018-07-07,巴西,1:2,(0-2),比利时,负,半球,输,大
645,世界杯,2018-07-02,巴西,2:0,(0-0),墨西哥,胜,一球,赢,小
646,世界杯,2018-06-28,塞尔维亚,0:2,(0-1),巴西,胜,*一/半,输,小
647,世界杯,2018-06-22,巴西,2:0,(0-0),哥斯达黎加,胜,球半/两,赢,小
648,世界杯,2018-06-18,巴西,1:1,(1-0),瑞士,平,一/半,输,小
649,友谊赛,2018-06-10,奥地利,0:3,(0-1),巴西,胜,*一球,输,大
650,友谊赛,2018-06-03,巴西,2:0,(0-0),克罗地亚,胜,一/半,赢,小
651,友谊赛,2018-03-28,德国,0:1,(0-1),巴西,胜,平/半,输,小
652,友谊赛,2018-03-24,俄罗斯,0:3,(0-0),巴西,胜,*半/一,输,大
653,友谊赛,2017-11-15,英格兰,0:0,(0-0),巴西,平,*半/一,赢,小
654,友谊赛,2017-11-10,日本,1:3,(0-3),巴西,胜,*球半,输,大
655,南美预,2017-10-11,巴西,3:0,(0-0),智利,胜,半/一,赢,大
656,南美预,2017-10-06,玻利维亚,0:0,(0-0),巴西,平,*半球,赢,小
657,南美预,2017-09-06,哥伦比亚,1:1,(0-1),巴西,平,平手,走,小
658,南美预,2017-09-01,巴西,2:0,(0-0),厄瓜多尔,胜,球半,赢,小
659,友谊赛,2017-06-13,澳大利亚,0:4,(0-1),巴西,胜,*一/半,输,大
660,友谊赛,2017-06-09,巴西,0:1,(0-1),阿根廷,负,平手,输,小
661,南美预,2017-03-29,巴西,3:0,(1-0),巴拉圭,胜,两球,赢,大
662,南美预,2017-03-24,乌拉圭,1:4,(1-1),巴西,胜,*平/半,输,大
663,友谊赛,2017-01-26,巴西,1:0,(0-0),哥伦比亚,胜,半球,赢,小
664,南美预,2016-11-16,秘鲁,0:2,(0-0),巴西,胜,*半/一,输,小
665,南美预,2016-11-11,巴西,3:0,(2-0),阿根廷,胜,半球,赢,大
666,南美预,2016-10-12,委内瑞拉,0:2,(0-1),巴西,胜,*一/半,输,小
667,南美预,2016-10-07,巴西,5:0,(4-0),玻利维亚,胜,两半,赢,大
668,南美预,2016-09-07,巴西,2:1,(1-1),哥伦比亚,胜,一球,走,大
669,南美预,2016-09-02,厄瓜多尔,0:3,(0-0),巴西,胜,平/半,输,大
670,美洲杯,2016-06-13,巴西,0:1,(0-0),秘鲁,负,一球,输,小
671,美洲杯,2016-06-09,巴西,7:1,(3-0),海地,胜,两/半,赢,大
672,美洲杯,2016-06-05,巴西,0:0,(0-0),厄瓜多尔,平,半/一,输,小
673,友谊赛,2016-05-30,巴西,2:0,(1-0),巴拿马,胜,球半/两,赢,小
674,南美预,2016-03-30,巴拉圭,2:2,(1-0),巴西,平,*平/半,赢,大
675,南美预,2016-03-26,巴西,2:2,(2-1),乌拉圭,平,半/一,输,大
676,南美预,2015-11-18,巴西,3:0,(1-0),秘鲁,胜,球半,赢,大
677,南美预,2015-11-14,阿根廷,1:1,(1-0),巴西,平,平/半,输,小
678,南美预,2015-10-14,巴西,3:1,(2-0),委内瑞拉,胜,球半,赢,大
679,南美预,2015-10-09,智利,2:0,(0-0),巴西,负,平/半,赢,小
680,友谊赛,2015-09-09,美国,1:4,(0-1),巴西,胜,*半球,输,大
681,世界杯,2018-07-03,瑞典,1:0,(0-0),瑞士,负,平手,赢,小
682,世界杯,2018-06-28,瑞士,2:2,(1-0),哥斯达黎加,平,半球,输,大
683,世界杯,2018-06-23,塞尔维亚,1:2,(1-0),瑞士,胜,平手,输,大
684,世界杯,2018-06-18,巴西,1:1,(1-0),瑞士,平,一/半,输,小
685,友谊赛,2018-06-09,瑞士,2:0,(1-0),日本,胜,半/一,赢,小
686,友谊赛,2018-06-04,西班牙,1:1,(1-0),瑞士,平,球半,输,小
687,友谊赛,2018-03-28,瑞士,6:0,(4-0),巴拿马,胜,球半,赢,大
688,友谊赛,2018-03-24,希腊,0:1,(0-0),瑞士,胜,*平/半,输,小
689,欧预选,2017-11-13,瑞士,0:0,(0-0),北爱尔兰,平,一/半,输,小
690,欧预选,2017-11-10,北爱尔兰,0:1,(0-0),瑞士,胜,*平/半,输,小
691,欧预选,2017-10-11,葡萄牙,2:0,(1-0),瑞士,负,半/一,赢,小
692,欧预选,2017-10-08,瑞士,5:2,(3-0),匈牙利,胜,球半,赢,大
693,欧预选,2017-09-04,拉脱维亚,0:3,(0-1),瑞士,胜,*球半,输,大
694,欧预选,2017-09-01,瑞士,3:0,(1-0),安道尔,胜,四/半,输,大
695,欧预选,2017-06-10,法罗群岛,0:2,(0-1),瑞士,胜,*球半/两,输,小
696,友谊赛,2017-06-02,瑞士,1:0,(1-0),白俄罗斯,胜,一/半,输,小
697,欧预选,2017-03-26,瑞士,1:0,(0-0),拉脱维亚,胜,两/半,输,小
698,欧预选,2016-11-14,瑞士,2:0,(1-0),法罗群岛,胜,两/半,输,小
699,欧预选,2016-10-11,安道尔,1:2,(0-1),瑞士,胜,*三/半,赢,大
700,欧预选,2016-10-08,匈牙利,2:3,(0-0),瑞士,胜,*平/半,输,大
701,欧预选,2016-09-07,瑞士,2:0,(2-0),葡萄牙,胜,平/半,赢,小
702,欧锦赛,2016-06-25,瑞士,1:1,(0-1),波兰,平,平手,走,小
703,欧锦赛,2016-06-20,法国,0:0,(0-0),瑞士,平,半/一,输,小
704,欧锦赛,2016-06-15,罗马尼亚,1:1,(1-0),瑞士,平,*半球,赢,小
705,欧锦赛,2016-06-11,阿尔巴尼亚,0:1,(0-1),瑞士,胜,*半/一,输,小
706,友谊赛,2016-06-03,瑞士,2:1,(1-0),摩尔多瓦,胜,球半/两,输,大
707,友谊赛,2016-05-28,瑞士,1:2,(1-1),比利时,负,*平/半,输,大
708,友谊赛,2016-03-30,瑞士,0:2,(0-1),波黑,负,半球,输,小
709,友谊赛,2016-03-26,爱尔兰,1:0,(1-0),瑞士,负,平手,赢,小
710,友谊赛,2015-11-18,奥地利,1:2,(1-2),瑞士,胜,平/半,输,大
711,友谊赛,2015-11-14,斯洛伐克,3:2,(1-0),瑞士,负,平手,赢,大
712,欧锦赛,2015-10-13,爱沙尼亚,0:1,(0-0),瑞士,胜,*一球,走,小
713,欧锦赛,2015-10-10,瑞士,7:0,(1-0),圣马力诺,胜,五/五半,赢,大
714,欧锦赛,2015-09-09,英格兰,2:0,(0-0),瑞士,负,半/一,赢,小
715,世界杯,2018-06-28,瑞士,2:2,(1-0),哥斯达黎加,平,半球,输,大
716,世界杯,2018-06-22,巴西,2:0,(0-0),哥斯达黎加,负,球半/两,赢,小
717,世界杯,2018-06-17,哥斯达黎加,0:1,(0-0),塞尔维亚,负,*半球,输,小
718,友谊赛,2018-06-12,比利时,4:1,(2-1),哥斯达黎加,负,球半/两,赢,大
719,友谊赛,2018-06-08,英格兰,2:0,(1-0),哥斯达黎加,负,一/半,赢,小
720,友谊赛,2018-06-04,哥斯达黎加,3:0,(1-0),北爱尔兰,胜,半球,赢,大
721,友谊赛,2018-03-28,突尼斯,1:0,(1-0),哥斯达黎加,负,平手,赢,小
722,友谊赛,2018-03-24,苏格兰,0:1,(0-1),哥斯达黎加,胜,平/半,输,小
723,友谊赛,2017-11-15,匈牙利,1:0,(1-0),哥斯达黎加,负,平手,赢,小
724,友谊赛,2017-11-12,西班牙,5:0,(2-0),哥斯达黎加,负,两球,赢,大
725,北美预,2017-10-11,巴拿马,2:1,(0-1),哥斯达黎加,负,半/一,赢,大
726,北美预,2017-10-07,哥斯达黎加,1:1,(0-0),洪都拉斯,平,半/一,输,小
727,北美预,2017-09-06,哥斯达黎加,1:1,(0-1),墨西哥,平,平/半,输,小
728,北美预,2017-09-02,美国,0:2,(0-1),哥斯达黎加,胜,半球,输,小
729,美洲金杯,2017-07-23,美国,2:0,(0-0),哥斯达黎加,负,半球,赢,小
730,美洲金杯,2017-07-20,哥斯达黎加,1:0,(0-0),巴拿马,胜,平/半,赢,小
731,美洲金杯,2017-07-15,哥斯达黎加,3:0,(1-0),法属圭亚那,胜,两/半,赢,大
732,美洲金杯,2017-07-12,哥斯达黎加,1:1,(1-1),加拿大,平,半/一,输,小
733,美洲金杯,2017-07-08,洪都拉斯,0:1,(0-1),哥斯达黎加,胜,*平/半,输,小
734,北美预,2017-06-14,哥斯达黎加,2:1,(2-1),特立尼达和多巴哥,胜,球半/两,输,大
735,北美预,2017-06-09,哥斯达黎加,0:0,(0-0),巴拿马,平,半/一,输,小
736,北美预,2017-03-29,洪都拉斯,1:1,(1-0),哥斯达黎加,平,*平/半,赢,小
737,北美预,2017-03-25,墨西哥,2:0,(2-0),哥斯达黎加,负,半/一,赢,小
738,中美洲杯,2017-01-23,巴拿马,1:0,(0-0),哥斯达黎加,负,平手,赢,小
739,中美洲杯,2017-01-21,洪都拉斯,1:1,(1-0),哥斯达黎加,平,*平/半,赢,小
740,中美洲杯,2017-01-18,哥斯达黎加,0:0,(0-0),尼加拉瓜,平,两球,输,小
741,中美洲杯,2017-01-16,伯利兹,0:3,(0-1),哥斯达黎加,胜,*两/半,输,大
742,中美洲杯,2017-01-14,哥斯达黎加,0:0,(0-0),萨尔瓦多,平,半/一,输,小
743,北美预,2016-11-16,哥斯达黎加,4:0,(1-0),美国,胜,半球,赢,大
744,北美预,2016-11-12,特立尼达和多巴哥,0:2,(0-0),哥斯达黎加,胜,*半/一,输,小
745,友谊赛,2016-10-09,俄罗斯,3:4,(1-3),哥斯达黎加,胜,半/一,输,大
746,北美预,2016-09-07,哥斯达黎加,3:1,(1-0),巴拿马,胜,半/一,赢,大
747,北美预,2016-09-03,海地,0:1,(0-0),哥斯达黎加,胜,*半球,输,小
748,美洲杯,2016-06-12,哥伦比亚,2:3,(1-2),哥斯达黎加,胜,半/一,输,大
749,美洲杯,2016-06-08,美国,4:0,(3-0),哥斯达黎加,负,半球,赢,大
750,美洲杯,2016-06-05,哥斯达黎加,0:0,(0-0),巴拉圭,平,平手,走,小
751,友谊赛,2016-05-28,哥斯达黎加,2:1,(1-1),委内瑞拉,胜,半/一,赢,大
752,北美预,2016-03-30,哥斯达黎加,3:0,(2-0),牙买加,胜,半/一,赢,大
753,北美预,2016-03-26,牙买加,1:1,(1-0),哥斯达黎加,平,平手,走,小
754,友谊赛,2016-02-03,委内瑞拉,1:0,(0-0),哥斯达黎加,负,平手,赢,小
755,友谊赛,2015-12-16,哥斯达黎加,1:0,(0-0),尼加拉瓜,胜,平手,-,小
756,北美预,2015-11-18,巴拿马,1:2,(0-0),哥斯达黎加,胜,平/半,输,大
757,北美预,2015-11-14,哥斯达黎加,1:0,(1-0),海地,胜,球半,输,小
758,友谊赛,2015-10-14,美国,0:1,(0-0),哥斯达黎加,胜,半/一,输,小
759,友谊赛,2015-10-09,哥斯达黎加,0:1,(0-1),南非,负,半球,输,小
760,友谊赛,2015-09-09,哥斯达黎加,1:0,(1-0),乌拉圭,胜,*平/半,赢,小
761,友谊赛,2015-09-06,哥斯达黎加,0:1,(0-1),巴西,负,*一球,走,小
762,美洲金杯,2015-07-20,墨西哥,0:0,(0-0),哥斯达黎加,平,半球,输,小
763,美洲金杯,2015-07-15,加拿大,0:0,(0-0),哥斯达黎加,平,*半球,赢,小
764,美洲金杯,2015-07-12,哥斯达黎加,1:1,(0-0),萨尔瓦多,平,半/一,输,小
765,世界杯,2018-06-28,塞尔维亚,0:2,(0-1),巴西,负,*一/半,输,小
766,世界杯,2018-06-23,塞尔维亚,1:2,(1-0),瑞士,负,平手,输,大
767,世界杯,2018-06-17,哥斯达黎加,0:1,(0-0),塞尔维亚,胜,*半球,输,小
768,友谊赛,2018-06-09,塞尔维亚,5:1,(4-0),玻利维亚,胜,球半,赢,大
769,友谊赛,2018-06-05,塞尔维亚,0:1,(0-0),智利,负,半/一,输,小
770,友谊赛,2018-03-28,尼日利亚,0:2,(0-0),塞尔维亚,胜,平手,输,小
771,友谊赛,2018-03-24,塞尔维亚,1:2,(1-2),摩洛哥,负,半球,输,大
772,友谊赛,2017-11-14,韩国,1:1,(0-0),塞尔维亚,平,平手,走,小
773,友谊赛,2017-11-10,中国,0:2,(0-1),塞尔维亚,胜,*平/半,输,小
774,欧预选,2017-10-10,塞尔维亚,1:0,(0-0),格鲁吉亚,胜,两球,输,小
775,欧预选,2017-10-07,奥地利,3:2,(1-1),塞尔维亚,负,平手,赢,大
776,欧预选,2017-09-06,爱尔兰,0:1,(0-0),塞尔维亚,胜,平手,输,小
777,欧预选,2017-09-03,塞尔维亚,3:0,(2-0),摩尔多瓦,胜,两/半,赢,大
778,欧预选,2017-06-12,塞尔维亚,1:1,(0-1),威尔士,平,半球,输,小
779,欧预选,2017-03-25,格鲁吉亚,1:3,(1-1),塞尔维亚,胜,*半/一,输,大
780,友谊赛,2017-01-30,美国,0:0,(0-0),塞尔维亚,平,半/一,输,小
781,友谊赛,2016-11-16,乌克兰,2:0,(1-0),塞尔维亚,负,平/半,赢,小
782,欧预选,2016-11-13,威尔士,1:1,(1-0),塞尔维亚,平,平/半,输,小
783,欧预选,2016-10-10,塞尔维亚,3:2,(2-1),奥地利,胜,平/半,赢,大
784,欧预选,2016-10-07,摩尔多瓦,0:3,(0-2),塞尔维亚,胜,*一球,输,大
785,友谊赛,2016-09-29,卡塔尔,3:0,(3-0),塞尔维亚,负,平手,赢,大
786,欧预选,2016-09-06,塞尔维亚,2:2,(0-1),爱尔兰,平,半球,输,大
787,友谊赛,2016-06-05,塞尔维亚,1:1,(0-0),俄罗斯,平,*平/半,赢,小
788,友谊赛,2016-06-01,塞尔维亚,3:1,(1-0),以色列,胜,半/一,赢,大
789,友谊赛,2016-05-25,塞尔维亚,2:1,(2-1),塞浦路斯,胜,一/半,输,大
790,友谊赛,2016-03-29,爱沙尼亚,0:1,(0-0),塞尔维亚,胜,*半球,输,小
791,友谊赛,2016-03-24,波兰,1:0,(1-0),塞尔维亚,负,平/半,赢,小
792,友谊赛,2015-11-14,捷克,4:1,(1-0),塞尔维亚,负,平/半,赢,大
793,欧锦赛,2015-10-11,塞尔维亚,1:2,(0-1),葡萄牙,负,平/半,输,大
794,欧锦赛,2015-10-09,阿尔巴尼亚,0:2,(0-0),塞尔维亚,胜,平手,输,小
795,友谊赛,2015-09-08,法国,2:1,(2-1),塞尔维亚,负,一球,走,大
796,世界杯,2018-06-27,韩国,2:0,(0-0),德国,负,*球半,赢,小
797,世界杯,2018-06-24,德国,2:1,(0-1),瑞典,胜,一球,走,大
798,世界杯,2018-06-17,德国,0:1,(0-1),墨西哥,负,一球,输,小
799,友谊赛,2018-06-09,德国,2:1,(2-0),沙特阿拉伯,胜,两半,输,大
800,友谊赛,2018-06-03,奥地利,2:1,(0-1),德国,负,*一球,赢,大
801,友谊赛,2018-03-28,德国,0:1,(0-1),巴西,负,平/半,输,小
802,友谊赛,2018-03-24,德国,1:1,(1-1),西班牙,平,平/半,输,小
803,友谊赛,2017-11-15,德国,2:2,(0-1),法国,平,平/半,输,大
804,友谊赛,2017-11-11,英格兰,0:0,(0-0),德国,平,*平/半,赢,小
805,欧预选,2017-10-09,德国,5:1,(1-1),阿塞拜疆,胜,三半,赢,大
806,欧预选,2017-10-06,北爱尔兰,1:3,(0-2),德国,胜,*一/半,输,大
807,欧预选,2017-09-05,德国,6:0,(4-0),挪威,胜,两/半,赢,大
808,欧预选,2017-09-02,捷克,1:2,(0-1),德国,胜,*一球,走,大
809,联合杯,2017-07-03,智利,0:1,(0-1),德国,胜,平手,输,小
810,联合杯,2017-06-30,德国,4:1,(2-0),墨西哥,胜,半球,赢,大
811,联合杯,2017-06-25,德国,3:1,(0-0),喀麦隆,胜,一/半,赢,大
812,联合杯,2017-06-23,德国,1:1,(1-1),智利,平,平手,走,小
813,联合杯,2017-06-19,澳大利亚,2:3,(1-2),德国,胜,*一/半,赢,大
814,欧预选,2017-06-11,德国,7:0,(4-0),圣马力诺,胜,七/七半,输,大
815,友谊赛,2017-06-07,丹麦,1:1,(1-0),德国,平,*半球,赢,小
816,欧预选,2017-03-26,阿塞拜疆,1:4,(1-3),德国,胜,*两/半,输,大
817,友谊赛,2017-03-23,德国,1:0,(0-0),英格兰,胜,半/一,赢,小
818,友谊赛,2016-11-16,意大利,0:0,(0-0),德国,平,平手,走,小
819,欧预选,2016-11-12,圣马力诺,0:8,(0-3),德国,胜,*六/六半,输,大
820,欧预选,2016-10-12,德国,2:0,(2-0),北爱尔兰,胜,两/半,输,小
821,欧预选,2016-10-09,德国,3:0,(1-0),捷克,胜,两球,赢,大
822,欧预选,2016-09-05,挪威,0:3,(0-2),德国,胜,*一/半,输,大
823,友谊赛,2016-09-01,德国,2:0,(0-0),芬兰,胜,两球,走,小
824,欧锦赛,2016-07-08,法国,2:0,(1-0),德国,负,平手,赢,小
825,欧锦赛,2016-07-03,德国,1:1,(0-0),意大利,平,平/半,输,小
826,欧锦赛,2016-06-26,德国,3:0,(2-0),斯洛伐克,胜,一/半,赢,大
827,欧锦赛,2016-06-21,北爱尔兰,0:1,(0-1),德国,胜,*球半/两,赢,小
828,欧锦赛,2016-06-17,德国,0:0,(0-0),波兰,平,一球,输,小
829,欧锦赛,2016-06-13,德国,2:0,(1-0),乌克兰,胜,一球,赢,小
830,友谊赛,2016-06-04,德国,2:0,(1-0),匈牙利,胜,球半,赢,小
831,友谊赛,2016-05-29,德国,1:3,(1-2),斯洛伐克,负,球半,输,大
832,友谊赛,2016-03-30,德国,4:1,(2-0),意大利,胜,半球,赢,大
833,友谊赛,2016-03-27,德国,2:3,(1-0),英格兰,负,半/一,输,大
834,友谊赛,2015-11-14,法国,2:0,(1-0),德国,负,平/半,赢,小
835,欧锦赛,2015-10-12,德国,2:1,(0-0),格鲁吉亚,胜,两半/三,输,大
836,欧锦赛,2015-10-09,爱尔兰,1:0,(0-0),德国,负,*一球,赢,小
837,欧锦赛,2015-09-08,苏格兰,2:3,(2-2),德国,胜,*一/半,赢,大
838,世界杯,2018-07-02,巴西,2:0,(0-0),墨西哥,负,一球,赢,小
839,世界杯,2018-06-27,墨西哥,0:3,(0-0),瑞典,负,平手,输,大
840,世界杯,2018-06-23,韩国,1:2,(0-1),墨西哥,胜,*半/一,输,大
841,世界杯,2018-06-17,德国,0:1,(0-1),墨西哥,胜,一球,输,小
842,友谊赛,2018-06-10,丹麦,2:0,(0-0),墨西哥,负,平/半,赢,小
843,友谊赛,2018-06-03,墨西哥,1:0,(1-0),苏格兰,胜,球半,输,小
844,友谊赛,2018-05-29,墨西哥,0:0,(0-0),威尔士,平,一球,输,小
845,友谊赛,2018-03-28,墨西哥,0:1,(0-0),克罗地亚,负,半球,输,小
846,友谊赛,2018-03-24,冰岛,0:3,(0-1),墨西哥,胜,平/半,输,大
847,友谊赛,2018-02-01,墨西哥,1:0,(0-0),波黑,胜,一球,走,小
848,友谊赛,2017-11-14,波兰,0:1,(0-1),墨西哥,胜,平手,输,小
849,友谊赛,2017-11-11,比利时,3:3,(1-1),墨西哥,平,一球,输,大
850,北美预,2017-10-11,洪都拉斯,3:2,(1-2),墨西哥,负,平/半,赢,大
851,北美预,2017-10-07,墨西哥,3:1,(0-0),特立尼达和多巴哥,胜,两球,走,大
852,北美预,2017-09-06,哥斯达黎加,1:1,(0-1),墨西哥,平,平/半,输,小
853,北美预,2017-09-02,墨西哥,1:0,(0-0),巴拿马,胜,一/半,输,小
854,美洲金杯,2017-07-24,牙买加,1:0,(0-0),墨西哥,负,平手,-,小
855,美洲金杯,2017-07-21,墨西哥,1:0,(1-0),洪都拉斯,胜,一球,走,小
856,美洲金杯,2017-07-17,库拉索,0:2,(0-1),墨西哥,胜,*两球,走,小
857,美洲金杯,2017-07-14,墨西哥,0:0,(0-0),牙买加,平,球半,输,小
858,美洲金杯,2017-07-10,墨西哥,3:1,(2-1),萨尔瓦多,胜,球半,赢,大
859,联合杯,2017-07-02,葡萄牙,1:1,(0-0),墨西哥,平,平/半,输,小
860,友谊赛,2017-07-02,墨西哥,2:1,(2-1),巴拉圭,胜,平/半,赢,大
861,联合杯,2017-06-30,德国,4:1,(2-0),墨西哥,负,半球,赢,大
862,友谊赛,2017-06-29,墨西哥,1:0,(1-0),加纳,胜,平/半,赢,小
863,联合杯,2017-06-24,俄罗斯,1:2,(1-1),墨西哥,胜,*平/半,输,大
864,联合杯,2017-06-22,墨西哥,2:1,(0-1),新西兰,胜,两/半,输,大
865,联合杯,2017-06-18,葡萄牙,2:2,(1-1),墨西哥,平,半球,输,大
866,北美预,2017-06-12,墨西哥,1:1,(1-1),美国,平,一球,输,小
867,北美预,2017-06-09,墨西哥,3:0,(1-0),洪都拉斯,胜,球半,赢,大
868,友谊赛,2017-06-02,墨西哥,3:1,(2-0),爱尔兰,胜,一球,赢,大
869,友谊赛,2017-05-28,墨西哥,1:2,(0-2),克罗地亚,负,球半,输,大
870,北美预,2017-03-29,特立尼达和多巴哥,0:1,(0-0),墨西哥,胜,*半/一,输,小
871,北美预,2017-03-25,墨西哥,2:0,(2-0),哥斯达黎加,胜,半/一,赢,小
872,友谊赛,2017-02-09,墨西哥,1:0,(1-0),冰岛,胜,一/半,输,小
873,北美预,2016-11-16,巴拿马,0:0,(0-0),墨西哥,平,*半/一,赢,小
874,北美预,2016-11-12,美国,1:2,(0-1),墨西哥,胜,平手,输,大
875,友谊赛,2016-10-12,巴拿马,0:1,(0-0),墨西哥,胜,*一球,走,小
876,友谊赛,2016-10-09,墨西哥,2:1,(1-0),新西兰,胜,球半/两,输,大
877,北美预,2016-09-07,墨西哥,0:0,(0-0),洪都拉斯,平,球半,输,小
878,北美预,2016-09-03,萨尔瓦多,1:3,(1-0),墨西哥,胜,*一/半,输,大
879,美洲杯,2016-06-19,墨西哥,0:7,(0-2),智利,负,平手,输,大
880,美洲杯,2016-06-14,墨西哥,1:1,(0-1),委内瑞拉,平,半/一,输,小
881,美洲杯,2016-06-10,墨西哥,2:0,(1-0),牙买加,胜,一/半,赢,小
882,美洲杯,2016-06-06,墨西哥,3:1,(1-0),乌拉圭,胜,*平/半,赢,大
883,友谊赛,2016-06-02,墨西哥,1:0,(0-0),智利,胜,平手,赢,小
884,友谊赛,2016-05-29,墨西哥,1:0,(1-0),巴拉圭,胜,平/半,赢,小
885,北美预,2016-03-30,墨西哥,2:0,(2-0),加拿大,胜,两球,走,小
886,北美预,2016-03-26,加拿大,0:3,(0-2),墨西哥,胜,*半/一,输,大
887,友谊赛,2016-02-11,墨西哥,2:0,(0-0),塞内加尔,胜,一/半,赢,小
888,北美预,2015-11-18,洪都拉斯,0:2,(0-0),墨西哥,胜,*半球,输,小
889,北美预,2015-11-14,墨西哥,3:0,(2-0),萨尔瓦多,胜,两/半,赢,大
890,友谊赛,2015-10-14,墨西哥,1:0,(1-0),巴拿马,胜,一/半,输,小
891,友谊赛,2015-10-11,美国,1:1,(1-1),墨西哥,平,平/半,输,小
892,友谊赛,2015-09-09,阿根廷,2:2,(0-1),墨西哥,平,一球,输,大
893,友谊赛,2015-09-05,墨西哥,3:3,(1-2),特立尼达和多巴哥,平,球半,输,大
894,美洲金杯,2015-07-27,牙买加,1:3,(0-1),墨西哥,胜,*半球,输,大
895,美洲金杯,2015-07-23,巴拿马,1:1,(0-0),墨西哥,平,*半/一,赢,小
896,美洲金杯,2015-07-20,墨西哥,0:0,(0-0),哥斯达黎加,平,半球,输,小
897,美洲金杯,2015-07-16,墨西哥,4:4,(1-0),特立尼达和多巴哥,平,球半,输,大
898,美洲金杯,2015-07-13,危地马拉,0:0,(0-0),墨西哥,平,*两半/三,赢,小
899,世界杯,2018-07-07,瑞典,0:2,(0-1),英格兰,负,*半球,输,小
900,世界杯,2018-07-03,瑞典,1:0,(0-0),瑞士,胜,平手,赢,小
901,世界杯,2018-06-27,墨西哥,0:3,(0-0),瑞典,胜,平手,输,大
902,世界杯,2018-06-24,德国,2:1,(0-1),瑞典,负,一球,走,大
903,世界杯,2018-06-18,瑞典,1:0,(0-0),韩国,胜,平/半,赢,小
904,友谊赛,2018-06-10,瑞典,0:0,(0-0),秘鲁,平,平/半,输,小
905,友谊赛,2018-06-03,瑞典,0:0,(0-0),丹麦,平,平手,走,小
906,友谊赛,2018-03-28,罗马尼亚,1:0,(0-0),瑞典,负,平手,赢,小
907,友谊赛,2018-03-25,瑞典,1:2,(1-1),智利,负,平手,输,大
908,友谊赛,2018-01-12,瑞典,1:0,(0-0),丹麦,胜,平手,赢,小
909,友谊赛,2018-01-08,瑞典,1:1,(0-0),爱沙尼亚,平,一/半,输,小
910,欧预选,2017-11-14,意大利,0:0,(0-0),瑞典,平,一球,输,小
911,欧预选,2017-11-11,瑞典,1:0,(0-0),意大利,胜,*平/半,赢,小
912,欧预选,2017-10-11,荷兰,2:0,(2-0),瑞典,负,半球,赢,小
913,欧预选,2017-10-07,瑞典,8:0,(3-0),卢森堡,胜,三球,赢,大
914,欧预选,2017-09-04,白俄罗斯,0:4,(0-3),瑞典,胜,*半/一,输,大
915,欧预选,2017-09-01,保加利亚,3:2,(2-2),瑞典,负,*半球,赢,大
916,友谊赛,2017-06-14,挪威,1:1,(1-0),瑞典,平,平手,走,小
917,欧预选,2017-06-10,瑞典,2:1,(1-1),法国,胜,*半/一,赢,大
918,友谊赛,2017-03-29,葡萄牙,2:3,(2-0),瑞典,胜,半/一,输,大
919,欧预选,2017-03-26,瑞典,4:0,(1-0),白俄罗斯,胜,一球,赢,大
920,友谊赛,2017-01-12,瑞典,6:0,(1-0),斯洛伐克,胜,平/半,赢,大
921,友谊赛,2017-01-08,瑞典,1:2,(1-1),科特迪瓦,负,*半/一,输,大
922,友谊赛,2016-11-16,匈牙利,0:2,(0-1),瑞典,胜,平手,输,小
923,欧预选,2016-11-12,法国,2:1,(0-0),瑞典,负,球半,输,大
924,欧预选,2016-10-11,瑞典,3:0,(2-0),保加利亚,胜,一/半,赢,大
925,欧预选,2016-10-08,卢森堡,0:1,(0-0),瑞典,胜,*球半,赢,小
926,欧预选,2016-09-07,瑞典,1:1,(1-0),荷兰,平,*平/半,赢,小
927,欧锦赛,2016-06-23,瑞典,0:1,(0-0),比利时,负,*半球,输,小
928,欧锦赛,2016-06-17,意大利,1:0,(0-0),瑞典,负,半球,赢,小
929,欧锦赛,2016-06-13,爱尔兰,1:1,(0-0),瑞典,平,*平/半,赢,小
930,友谊赛,2016-06-05,瑞典,3:0,(1-0),威尔士,胜,平/半,赢,大
931,友谊赛,2016-05-31,瑞典,0:0,(0-0),斯洛文尼亚,平,半/一,输,小
932,友谊赛,2016-03-30,瑞典,1:1,(1-1),捷克,平,平/半,输,小
933,友谊赛,2016-03-25,土耳其,2:1,(1-0),瑞典,负,半球,赢,大
934,友谊赛,2016-01-10,芬兰,0:3,(0-1),瑞典,胜,平手,输,大
935,友谊赛,2016-01-06,瑞典,1:1,(0-0),爱沙尼亚,平,一球,输,小
936,欧锦赛,2015-11-18,丹麦,2:2,(0-1),瑞典,平,平/半,输,大
937,欧锦赛,2015-11-15,瑞典,2:1,(1-0),丹麦,胜,平/半,赢,大
938,欧锦赛,2015-10-12,瑞典,2:0,(1-0),摩尔多瓦,胜,两球,走,小
939,欧锦赛,2015-10-10,列支敦士登,0:2,(0-1),瑞典,胜,*两/半,赢,小
940,欧锦赛,2015-09-09,瑞典,1:4,(0-2),奥地利,负,平/半,输,大
941,世界杯,2018-06-27,韩国,2:0,(0-0),德国,胜,*球半,赢,小
942,世界杯,2018-06-23,韩国,1:2,(0-1),墨西哥,负,*半/一,输,大
943,世界杯,2018-06-18,瑞典,1:0,(0-0),韩国,负,平/半,赢,小
944,友谊赛,2018-06-11,塞内加尔,2:0,(0-0),韩国,负,平手,-,小
945,友谊赛,2018-06-07,韩国,0:0,(0-0),玻利维亚,平,一/半,输,小
946,友谊赛,2018-06-01,韩国,1:3,(1-2),波黑,负,半球,输,大
947,友谊赛,2018-05-28,韩国,2:0,(0-0),洪都拉斯,胜,半/一,赢,小
948,友谊赛,2018-03-28,波兰,3:2,(2-0),韩国,负,半/一,赢,大
949,友谊赛,2018-03-24,北爱尔兰,2:1,(1-1),韩国,负,平手,赢,大
950,友谊赛,2018-02-03,拉脱维亚,0:1,(0-1),韩国,胜,*一球,走,小
951,友谊赛,2018-01-30,牙买加,2:2,(1-0),韩国,平,*半/一,赢,大
952,友谊赛,2018-01-27,摩尔多瓦,0:1,(0-0),韩国,胜,*一球,走,小
953,东亚杯,2017-12-16,日本,1:4,(1-3),韩国,胜,平手,输,大
954,东亚杯,2017-12-12,朝鲜,0:1,(0-0),韩国,胜,*半/一,输,小
955,东亚杯,2017-12-09,韩国,2:2,(2-1),中国,平,半/一,输,大
956,友谊赛,2017-11-14,韩国,1:1,(0-0),塞尔维亚,平,平手,走,小
957,友谊赛,2017-11-10,韩国,2:1,(1-0),哥伦比亚,胜,*平/半,赢,大
958,友谊赛,2017-10-10,韩国,1:3,(0-2),摩洛哥,负,平手,输,大
959,友谊赛,2017-10-07,俄罗斯,4:2,(1-0),韩国,负,半球,赢,大
960,亚洲预,2017-09-05,乌兹别克斯坦,0:0,(0-0),韩国,平,*平/半,赢,小
961,亚洲预,2017-08-31,韩国,0:0,(0-0),伊朗,平,半球,输,小
962,亚洲预,2017-06-14,卡塔尔,3:2,(1-0),韩国,负,*半球,赢,大
963,友谊赛,2017-06-08,伊拉克,0:0,(0-0),韩国,平,*半/一,赢,小
964,亚洲预,2017-03-28,韩国,1:0,(1-0),叙利亚,胜,球半,输,小
965,亚洲预,2017-03-23,中国,1:0,(1-0),韩国,负,*平/半,赢,小
966,亚洲预,2016-11-15,韩国,2:1,(0-1),乌兹别克斯坦,胜,半/一,赢,大
967,友谊赛,2016-11-11,韩国,2:0,(2-0),加拿大,胜,一/半,赢,小
968,亚洲预,2016-10-11,伊朗,1:0,(1-0),韩国,负,平手,赢,小
969,亚洲预,2016-10-06,韩国,3:2,(1-2),卡塔尔,胜,一/半,输,大
970,亚洲预,2016-09-06,叙利亚,0:0,(0-0),韩国,平,*球半,赢,小
971,亚洲预,2016-09-01,韩国,3:2,(1-0),中国,胜,一/半,输,大
972,友谊赛,2016-06-05,捷克,1:2,(0-2),韩国,胜,半/一,输,大
973,友谊赛,2016-06-01,西班牙,6:1,(3-0),韩国,负,一/半,赢,大
974,亚洲预,2016-03-29,韩国,3:0,(-),科威特,胜,平手,-,大
975,友谊赛,2016-03-27,泰国,0:1,(0-1),韩国,胜,*一球,走,小
976,亚洲预,2016-03-24,韩国,1:0,(0-0),黎巴嫩,胜,两/半,输,小
977,亚洲预,2015-11-17,老挝,0:5,(0-4),韩国,胜,*四半,输,大
978,亚洲预,2015-11-12,韩国,4:0,(2-0),缅甸,胜,四半/五,输,大
979,友谊赛,2015-10-13,韩国,3:0,(1-0),牙买加,胜,半/一,赢,大
980,亚洲预,2015-10-08,科威特,0:1,(0-1),韩国,胜,*一球,走,小
981,亚洲预,2015-09-08,黎巴嫩,0:3,(0-2),韩国,胜,*球半,输,大
982,亚洲预,2015-09-03,韩国,8:0,(3-0),老挝,胜,四半,赢,大
983,东亚杯,2015-08-09,韩国,0:0,(0-0),朝鲜,平,半/一,输,小
984,东亚杯,2015-08-05,日本,1:1,(1-1),韩国,平,平手,走,小
985,世界杯,2018-07-14,比利时,2:0,(1-0),英格兰,胜,平/半,赢,小
986,世界杯,2018-07-11,法国,1:0,(0-0),比利时,负,平/半,赢,小
987,世界杯,2018-07-07,巴西,1:2,(0-2),比利时,胜,半球,输,大
988,世界杯,2018-07-03,比利时,3:2,(0-0),日本,胜,一/半,输,大
989,世界杯,2018-06-29,英格兰,0:1,(0-0),比利时,胜,*平/半,输,小
990,世界杯,2018-06-23,比利时,5:2,(3-1),突尼斯,胜,一/半,赢,大
991,世界杯,2018-06-18,比利时,3:0,(0-0),巴拿马,胜,两球,赢,大
992,友谊赛,2018-06-12,比利时,4:1,(2-1),哥斯达黎加,胜,球半/两,赢,大
993,友谊赛,2018-06-07,比利时,3:0,(2-0),埃及,胜,一/半,赢,大
994,友谊赛,2018-06-03,比利时,0:0,(0-0),葡萄牙,平,半球,输,小
995,友谊赛,2018-03-28,比利时,4:0,(2-0),沙特阿拉伯,胜,两/半,赢,大
996,友谊赛,2017-11-15,比利时,1:0,(0-0),日本,胜,球半,输,小
997,友谊赛,2017-11-11,比利时,3:3,(1-1),墨西哥,平,一球,输,大
998,欧预选,2017-10-11,比利时,4:0,(1-0),塞浦路斯,胜,两半/三,赢,大
999,欧预选,2017-10-07,波黑,3:4,(2-1),比利时,胜,*平/半,输,大
1000,欧预选,2017-09-04,希腊,1:2,(0-0),比利时,胜,*半/一,输,大
1001,欧预选,2017-09-01,比利时,9:0,(6-0),直布罗陀,胜,六半,赢,大
1002,欧预选,2017-06-10,爱沙尼亚,0:2,(0-1),比利时,胜,*两/半,赢,小
1003,友谊赛,2017-06-06,比利时,2:1,(1-1),捷克,胜,一球,走,大
1004,友谊赛,2017-03-28,俄罗斯,3:3,(1-3),比利时,平,*平/半,赢,大
1005,欧预选,2017-03-26,比利时,1:1,(0-0),希腊,平,球半,输,小
1006,欧预选,2016-11-14,比利时,8:1,(3-1),爱沙尼亚,胜,两半/三,赢,大
1007,友谊赛,2016-11-10,荷兰,1:1,(1-0),比利时,平,平手,走,小
1008,欧预选,2016-10-11,直布罗陀,0:6,(0-3),比利时,胜,*五半,输,大
1009,欧预选,2016-10-08,比利时,4:0,(2-0),波黑,胜,一/半,赢,大
1010,欧预选,2016-09-07,塞浦路斯,0:3,(0-1),比利时,胜,*球半,输,大
1011,友谊赛,2016-09-02,比利时,0:2,(0-1),西班牙,负,平手,输,小
1012,欧锦赛,2016-07-02,威尔士,3:1,(1-1),比利时,负,*半球,赢,大
1013,欧锦赛,2016-06-27,匈牙利,0:4,(0-1),比利时,胜,*半/一,输,大
1014,欧锦赛,2016-06-23,瑞典,0:1,(0-0),比利时,胜,*半球,输,小
1015,欧锦赛,2016-06-18,比利时,3:0,(0-0),爱尔兰,胜,半/一,赢,大
1016,欧锦赛,2016-06-14,比利时,0:2,(0-1),意大利,负,平/半,输,小
1017,友谊赛,2016-06-05,比利时,3:2,(1-1),挪威,胜,一/半,输,大
1018,友谊赛,2016-06-02,比利时,1:1,(0-0),芬兰,平,球半,输,小
1019,友谊赛,2016-05-28,瑞士,1:2,(1-1),比利时,胜,*平/半,输,大
1020,友谊赛,2016-03-30,葡萄牙,2:1,(2-0),比利时,负,平/半,赢,大
1021,友谊赛,2015-11-14,比利时,3:1,(1-1),意大利,胜,平/半,赢,大
1022,欧锦赛,2015-10-14,比利时,3:1,(0-0),以色列,胜,一/半,赢,大
1023,欧锦赛,2015-10-11,安道尔,1:4,(0-2),比利时,胜,*三半,赢,大
1024,欧锦赛,2015-09-07,塞浦路斯,0:1,(0-0),比利时,胜,*球半,赢,小
1025,世界杯,2018-06-29,巴拿马,1:2,(1-0),突尼斯,负,*平/半,输,大
1026,世界杯,2018-06-24,英格兰,6:1,(5-0),巴拿马,负,球半/两,赢,大
1027,世界杯,2018-06-18,比利时,3:0,(0-0),巴拿马,负,两球,赢,大
1028,友谊赛,2018-06-07,挪威,1:0,(1-0),巴拿马,负,半球,赢,小
1029,友谊赛,2018-05-30,巴拿马,0:0,(0-0),北爱尔兰,平,半球,输,小
1030,友谊赛,2018-04-18,特立尼达和多巴哥,0:1,(0-0),巴拿马,胜,平手,输,小
1031,友谊赛,2018-03-28,瑞士,6:0,(4-0),巴拿马,负,球半,赢,大
1032,友谊赛,2018-03-23,丹麦,1:0,(0-0),巴拿马,负,一/半,输,小
1033,友谊赛,2017-11-15,威尔士,1:1,(0-0),巴拿马,平,半/一,输,小
1034,友谊赛,2017-11-10,伊朗,2:1,(2-1),巴拿马,负,平/半,赢,大
1035,友谊赛,2017-10-25,格林纳达,0:5,(0-3),巴拿马,胜,平手,-,大
1036,北美预,2017-10-11,巴拿马,2:1,(0-1),哥斯达黎加,胜,半/一,赢,大
1037,北美预,2017-10-07,美国,4:0,(3-0),巴拿马,负,半/一,赢,大
1038,北美预,2017-09-06,巴拿马,3:0,(1-0),特立尼达和多巴哥,胜,球半,赢,大
1039,北美预,2017-09-02,墨西哥,1:0,(0-0),巴拿马,负,一/半,输,小
1040,美洲金杯,2017-07-20,哥斯达黎加,1:0,(0-0),巴拿马,负,平/半,赢,小
1041,美洲金杯,2017-07-16,巴拿马,3:0,(1-0),马提尼克,胜,半/一,赢,大
1042,美洲金杯,2017-07-13,巴拿马,2:1,(0-0),尼加拉瓜,胜,一/半,输,大
1043,美洲金杯,2017-07-09,美国,1:1,(0-0),巴拿马,平,半/一,输,小
1044,北美预,2017-06-14,巴拿马,2:2,(1-1),洪都拉斯,平,半球,输,大
1045,北美预,2017-06-09,哥斯达黎加,0:0,(0-0),巴拿马,平,半/一,输,小
1046,北美预,2017-03-29,巴拿马,1:1,(1-1),美国,平,*平/半,赢,小
1047,北美预,2017-03-25,特立尼达和多巴哥,1:0,(1-0),巴拿马,负,*平/半,赢,小
1048,中美洲杯,2017-01-23,巴拿马,1:0,(0-0),哥斯达黎加,胜,平手,赢,小
1049,中美洲杯,2017-01-21,巴拿马,1:0,(0-0),萨尔瓦多,胜,半球,赢,小
1050,中美洲杯,2017-01-18,巴拿马,0:1,(0-1),洪都拉斯,负,半球,输,小
1051,中美洲杯,2017-01-16,巴拿马,2:1,(2-1),尼加拉瓜,胜,一/半,输,大
1052,中美洲杯,2017-01-14,巴拿马,0:0,(0-0),伯利兹,平,两半,输,小
1053,北美预,2016-11-16,巴拿马,0:0,(0-0),墨西哥,平,*半/一,赢,小
1054,北美预,2016-11-12,洪都拉斯,0:1,(0-1),巴拿马,胜,半球,输,小
1055,友谊赛,2016-10-12,巴拿马,0:1,(0-0),墨西哥,负,*一球,走,小
1056,北美预,2016-09-07,哥斯达黎加,3:1,(1-0),巴拿马,负,半/一,赢,大
1057,北美预,2016-09-03,巴拿马,2:0,(1-0),牙买加,胜,半球,赢,小
1058,友谊赛,2016-08-11,巴拿马,0:0,(0-0),危地马拉,平,平手,-,小
1059,美洲杯,2016-06-15,智利,4:2,(2-1),巴拿马,负,球半,赢,大
1060,美洲杯,2016-06-11,阿根廷,5:0,(1-0),巴拿马,负,球半/两,赢,大
1061,美洲杯,2016-06-07,巴拿马,2:1,(1-0),玻利维亚,胜,平/半,赢,大
1062,友谊赛,2016-05-30,巴西,2:0,(1-0),巴拿马,负,球半/两,赢,小
1063,友谊赛,2016-05-25,巴拿马,0:0,(0-0),委内瑞拉,平,平/半,输,小
1064,友谊赛,2016-04-28,马提尼克,0:2,(0-0),巴拿马,胜,平手,-,小
1065,北美预,2016-03-30,巴拿马,1:0,(0-0),海地,胜,半/一,赢,小
1066,北美预,2016-03-26,海地,0:0,(0-0),巴拿马,平,*平/半,赢,小
1067,友谊赛,2016-03-16,尼加拉瓜,1:0,(0-0),巴拿马,负,*半/一,赢,小
1068,友谊赛,2016-02-18,巴拿马,1:0,(0-0),萨尔瓦多,胜,半/一,赢,小
1069,友谊赛,2016-01-09,巴拿马,4:0,(2-0),古巴,胜,球半/两,赢,大
1070,北美预,2015-11-18,巴拿马,1:2,(0-0),哥斯达黎加,负,平/半,输,大
1071,北美预,2015-11-14,牙买加,0:2,(0-1),巴拿马,胜,平/半,输,小
1072,友谊赛,2015-10-14,墨西哥,1:0,(1-0),巴拿马,负,一/半,输,小
1073,友谊赛,2015-10-09,巴拿马,1:2,(0-1),特立尼达和多巴哥,负,半球,输,大
1074,友谊赛,2015-09-09,委内瑞拉,1:1,(0-1),巴拿马,平,平/半,输,小
1075,友谊赛,2015-09-05,巴拿马,0:1,(0-0),乌拉圭,负,*平/半,输,小
1076,美洲金杯,2015-07-26,美国,1:1,(0-0),巴拿马,平,一球,输,小
1077,美洲金杯,2015-07-23,巴拿马,1:1,(0-0),墨西哥,平,*半/一,赢,小
1078,美洲金杯,2015-07-20,特立尼达和多巴哥,1:1,(0-1),巴拿马,平,平手,走,小
1079,美洲金杯,2015-07-14,美国,1:1,(0-1),巴拿马,平,一球,输,小
1080,美洲金杯,2015-07-11,洪都拉斯,1:1,(0-1),巴拿马,平,平手,走,小
1081,世界杯,2018-06-29,巴拿马,1:2,(1-0),突尼斯,胜,*平/半,输,大
1082,世界杯,2018-06-23,比利时,5:2,(3-1),突尼斯,负,一/半,赢,大
1083,世界杯,2018-06-19,突尼斯,1:2,(1-1),英格兰,负,*球半,赢,大
1084,友谊赛,2018-06-10,突尼斯,0:1,(0-0),西班牙,负,*球半,赢,小
1085,友谊赛,2018-06-02,突尼斯,2:2,(0-0),土耳其,平,*平/半,赢,大
1086,友谊赛,2018-05-29,葡萄牙,2:2,(2-1),突尼斯,平,一/半,输,大
1087,友谊赛,2018-03-28,突尼斯,1:0,(1-0),哥斯达黎加,胜,平手,赢,小
1088,友谊赛,2018-03-24,突尼斯,1:0,(0-0),伊朗,胜,平手,赢,小
1089,友谊赛,2018-01-07,艾杜哈尼,1:0,(0-0),突尼斯,负,*球半,赢,小
1090,非洲预,2017-11-12,突尼斯,0:0,(0-0),利比亚,平,球半/两,输,小
1091,非洲预,2017-10-08,几内亚,1:4,(1-1),突尼斯,胜,*半球,输,大
1092,非洲预,2017-09-06,民主刚果,2:2,(1-0),突尼斯,平,半球,输,大
1093,非洲预,2017-09-02,突尼斯,2:1,(1-1),民主刚果,胜,半球,赢,大
1094,非洲杯,2017-06-12,突尼斯,1:0,(0-0),埃及,胜,平/半,赢,小
1095,友谊赛,2017-03-29,摩洛哥,1:0,(1-0),突尼斯,负,半球,赢,小
1096,友谊赛,2017-03-24,突尼斯,0:1,(0-1),喀麦隆,负,平手,输,小
1097,非洲杯,2017-01-28,布基纳法索,2:0,(0-0),突尼斯,负,*平/半,赢,小
1098,非洲杯,2017-01-24,津巴布韦,2:4,(1-4),突尼斯,胜,*半/一,输,大
1099,非洲杯,2017-01-19,阿尔及利亚,1:2,(0-0),突尼斯,胜,平/半,输,大
1100,非洲杯,2017-01-16,突尼斯,0:2,(0-2),塞内加尔,负,*平/半,输,小
1101,友谊赛,2017-01-09,埃及,1:0,(0-0),突尼斯,负,半球,赢,小
1102,友谊赛,2017-01-04,突尼斯,2:0,(1-0),乌干达,胜,一球,赢,小
1103,友谊赛,2016-12-31,巴斯克联队,3:1,(3-1),突尼斯,负,半/一,赢,大
1104,友谊赛,2016-12-29,加太罗尼亚,3:3,(1-2),突尼斯,平,半球,输,大
1105,友谊赛,2016-11-15,突尼斯,0:0,(0-0),毛里塔尼亚,平,一/半,输,小
1106,非洲预,2016-11-12,利比亚,0:1,(0-0),突尼斯,胜,*一球,走,小
1107,非洲预,2016-10-10,突尼斯,2:0,(0-0),几内亚,胜,半/一,赢,小
1108,非洲杯,2016-09-05,突尼斯,4:1,(2-0),利比里亚,胜,球半,赢,大
1109,非洲杯,2016-06-03,吉布提,0:3,(0-2),突尼斯,胜,*三半,赢,大
1110,非洲杯,2016-03-29,多哥,0:0,(0-0),突尼斯,平,平手,走,小
1111,非洲杯,2016-03-26,突尼斯,1:0,(0-0),多哥,胜,一球,走,小
1112,非国锦标,2016-01-31,突尼斯,1:2,(1-0),马里,负,平/半,输,大
1113,非国锦标,2016-01-26,尼日尔,0:5,(0-2),突尼斯,胜,*半/一,输,大
1114,非国锦标,2016-01-22,突尼斯,1:1,(0-0),尼日利亚,平,*平/半,赢,小
1115,非国锦标,2016-01-18,突尼斯,2:2,(1-1),几内亚,平,平/半,输,大
1116,非洲预,2015-11-18,突尼斯,2:1,(0-0),毛里塔尼亚,胜,球半,输,大
1117,非洲预,2015-11-14,毛里塔尼亚,1:2,(1-0),突尼斯,胜,*半球,输,大
1118,非国锦标,2015-10-26,突尼斯,2:3,(1-1),摩洛哥,负,平/半,输,大
1119,非国锦标,2015-10-20,突尼斯,1:0,(0-0),利比亚,胜,半/一,赢,小
1120,友谊赛,2015-10-10,突尼斯,3:3,(2-1),加蓬,平,半/一,输,大
1121,世界杯,2018-07-14,比利时,2:0,(1-0),英格兰,负,平/半,赢,小
1122,世界杯,2018-07-12,克罗地亚,1:1,(0-1),英格兰,平,*平/半,赢,小
1123,世界杯,2018-07-07,瑞典,0:2,(0-1),英格兰,胜,*半球,输,小
1124,世界杯,2018-07-04,哥伦比亚,1:1,(0-0),英格兰,平,*平/半,赢,小
1125,世界杯,2018-06-29,英格兰,0:1,(0-0),比利时,负,*平/半,输,小
1126,世界杯,2018-06-24,英格兰,6:1,(5-0),巴拿马,胜,球半/两,赢,大
1127,世界杯,2018-06-19,突尼斯,1:2,(1-1),英格兰,胜,*球半,赢,大
1128,友谊赛,2018-06-08,英格兰,2:0,(1-0),哥斯达黎加,胜,一/半,赢,小
1129,友谊赛,2018-06-03,英格兰,2:1,(2-0),尼日利亚,胜,一/半,输,大
1130,友谊赛,2018-03-28,英格兰,1:1,(1-0),意大利,平,平/半,输,小
1131,友谊赛,2018-03-24,荷兰,0:1,(0-0),英格兰,胜,平手,输,小
1132,友谊赛,2017-11-15,英格兰,0:0,(0-0),巴西,平,*半/一,赢,小
1133,友谊赛,2017-11-11,英格兰,0:0,(0-0),德国,平,*平/半,赢,小
1134,欧预选,2017-10-08,立陶宛,0:1,(0-1),英格兰,胜,*球半,赢,小
1135,欧预选,2017-10-06,英格兰,1:0,(0-0),斯洛文尼亚,胜,球半,输,小
1136,欧预选,2017-09-05,英格兰,2:1,(1-1),斯洛伐克,胜,一/半,输,大
1137,欧预选,2017-09-02,马耳他,0:4,(0-0),英格兰,胜,*两半/三,输,大
1138,友谊赛,2017-06-14,法国,3:2,(2-1),英格兰,负,半球,赢,大
1139,欧预选,2017-06-10,苏格兰,2:2,(0-0),英格兰,平,*半/一,赢,大
1140,欧预选,2017-03-26,英格兰,2:0,(1-0),立陶宛,胜,两/半,输,小
1141,友谊赛,2017-03-23,德国,1:0,(0-0),英格兰,负,半/一,赢,小
1142,友谊赛,2016-11-16,英格兰,2:2,(1-0),西班牙,平,平手,走,大
1143,欧预选,2016-11-12,英格兰,3:0,(1-0),苏格兰,胜,一/半,赢,大
1144,欧预选,2016-10-12,斯洛文尼亚,0:0,(0-0),英格兰,平,*半/一,赢,小
1145,欧预选,2016-10-08,英格兰,2:0,(2-0),马耳他,胜,四球,输,小
1146,欧预选,2016-09-04,斯洛伐克,0:1,(0-0),英格兰,胜,*半球,输,小
1147,欧锦赛,2016-06-28,英格兰,1:2,(1-2),冰岛,负,一球,输,大
1148,欧锦赛,2016-06-21,斯洛伐克,0:0,(0-0),英格兰,平,*一球,赢,小
1149,欧锦赛,2016-06-16,英格兰,2:1,(0-1),威尔士,胜,半/一,赢,大
1150,欧锦赛,2016-06-12,英格兰,1:1,(0-0),俄罗斯,平,半球,输,小
1151,友谊赛,2016-06-03,英格兰,1:0,(0-0),葡萄牙,胜,半球,赢,小
1152,友谊赛,2016-05-28,英格兰,2:1,(1-0),澳大利亚,胜,球半,输,大
1153,友谊赛,2016-05-23,英格兰,2:1,(1-1),土耳其,胜,一/半,输,大
1154,友谊赛,2016-03-30,英格兰,1:2,(1-0),荷兰,负,半/一,输,大
1155,友谊赛,2016-03-27,德国,2:3,(1-0),英格兰,胜,半/一,输,大
1156,友谊赛,2015-11-18,英格兰,2:0,(1-0),法国,胜,平手,赢,小
1157,友谊赛,2015-11-14,西班牙,2:0,(0-0),英格兰,负,半/一,赢,小
1158,欧锦赛,2015-10-13,立陶宛,0:3,(0-2),英格兰,胜,*一/半,输,大
1159,欧锦赛,2015-10-10,英格兰,2:0,(1-0),爱沙尼亚,胜,两/半,输,小
1160,欧锦赛,2015-09-09,英格兰,2:0,(0-0),瑞士,胜,半/一,赢,小
1161,世界杯,2018-07-03,比利时,3:2,(0-0),日本,负,一/半,输,大
1162,世界杯,2018-06-28,日本,0:1,(0-0),波兰,负,*半球,输,小
1163,世界杯,2018-06-24,日本,2:2,(1-1),塞内加尔,平,*平/半,赢,大
1164,世界杯,2018-06-19,哥伦比亚,1:2,(1-1),日本,胜,半/一,输,大
1165,友谊赛,2018-06-12,日本,4:2,(0-1),巴拉圭,胜,平手,赢,大
1166,友谊赛,2018-06-09,瑞士,2:0,(1-0),日本,负,半/一,赢,小
1167,友谊赛,2018-05-30,日本,0:2,(0-1),加纳,负,半/一,输,小
1168,友谊赛,2018-03-27,日本,1:2,(1-1),乌克兰,负,平手,输,大
1169,友谊赛,2018-03-23,日本,1:1,(0-1),马里,平,半球,输,小
1170,东亚杯,2017-12-16,日本,1:4,(1-3),韩国,负,平手,输,大
1171,东亚杯,2017-12-12,日本,2:1,(0-0),中国,胜,一/半,输,大
1172,东亚杯,2017-12-09,日本,1:0,(0-0),朝鲜,胜,一/半,输,小
1173,友谊赛,2017-11-15,比利时,1:0,(0-0),日本,负,球半,输,小
1174,友谊赛,2017-11-10,日本,1:3,(0-3),巴西,负,*球半,输,大
1175,友谊赛,2017-10-10,日本,3:3,(2-1),海地,平,球半/两,输,大
1176,友谊赛,2017-10-06,日本,2:1,(0-0),新西兰,胜,球半/两,输,大
1177,亚洲预,2017-09-06,沙特阿拉伯,1:0,(0-0),日本,负,平/半,赢,小
1178,亚洲预,2017-08-31,日本,2:0,(1-0),澳大利亚,胜,半球,赢,小
1179,亚洲预,2017-06-13,伊拉克,1:1,(0-1),日本,平,*一球,赢,小
1180,友谊赛,2017-06-07,日本,1:1,(0-0),叙利亚,平,两半,输,小
1181,亚洲预,2017-03-28,日本,4:0,(2-0),泰国,胜,两半,赢,大
1182,亚洲预,2017-03-23,阿联酋,0:2,(0-1),日本,胜,*半球,输,小
1183,亚洲预,2016-11-15,日本,2:1,(1-0),沙特阿拉伯,胜,球半,输,大
1184,友谊赛,2016-11-11,日本,4:0,(2-0),阿曼,胜,球半/两,赢,大
1185,亚洲预,2016-10-11,澳大利亚,1:1,(0-1),日本,平,平/半,输,小
1186,亚洲预,2016-10-06,日本,2:1,(1-0),伊拉克,胜,球半,输,大
1187,亚洲预,2016-09-06,泰国,0:2,(0-1),日本,胜,*球半/两,输,小
1188,亚洲预,2016-09-01,日本,1:2,(1-1),阿联酋,负,球半,输,大
1189,麒麟杯,2016-06-07,日本,1:2,(1-1),波黑,负,一球,输,大
1190,麒麟杯,2016-06-03,日本,7:2,(4-0),保加利亚,胜,一球,赢,大
1191,亚洲预,2016-03-29,日本,5:0,(1-0),叙利亚,胜,球半/两,赢,大
1192,亚洲预,2016-03-24,日本,5:0,(1-0),阿富汗,胜,四半,赢,大
1193,亚洲预,2015-11-17,柬埔寨,0:2,(0-0),日本,胜,*五,赢,小
1194,亚洲预,2015-11-12,新加坡,0:3,(0-2),日本,胜,*两半,输,大
1195,友谊赛,2015-10-13,伊朗,1:1,(1-0),日本,平,平手,走,小
1196,亚洲预,2015-10-08,叙利亚,0:3,(0-0),日本,胜,*球半,输,大
1197,亚洲预,2015-09-08,阿富汗,0:6,(0-2),日本,胜,*三半,输,大
1198,亚洲预,2015-09-03,日本,3:0,(1-0),柬埔寨,胜,五半,输,大
1199,东亚杯,2015-08-09,中国,1:1,(1-1),日本,平,平手,走,小
1200,东亚杯,2015-08-05,日本,1:1,(1-1),韩国,平,平手,走,小
1201,世界杯,2018-06-28,日本,0:1,(0-0),波兰,胜,*半球,输,小
1202,世界杯,2018-06-25,波兰,0:3,(0-1),哥伦比亚,负,*平/半,输,大
1203,世界杯,2018-06-19,波兰,1:2,(0-1),塞内加尔,负,平/半,输,大
1204,友谊赛,2018-06-12,波兰,4:0,(2-0),立陶宛,胜,球半,赢,大
1205,友谊赛,2018-06-09,波兰,2:2,(2-1),智利,平,半球,输,大
1206,友谊赛,2018-03-28,波兰,3:2,(2-0),韩国,胜,半/一,赢,大
1207,友谊赛,2018-03-24,波兰,0:1,(0-0),尼日利亚,负,半球,输,小
1208,友谊赛,2017-11-14,波兰,0:1,(0-1),墨西哥,负,平手,输,小
1209,友谊赛,2017-11-11,波兰,0:0,(0-0),乌拉圭,平,平手,走,小
1210,欧预选,2017-10-08,波兰,4:2,(2-0),黑山,胜,球半,赢,大
1211,欧预选,2017-10-05,亚美尼亚,1:6,(1-3),波兰,胜,*球半/两,输,大
1212,欧预选,2017-09-05,波兰,3:0,(1-0),哈萨克斯坦,胜,两/半,赢,大
1213,欧预选,2017-09-02,丹麦,4:0,(2-0),波兰,负,平/半,赢,大
1214,欧预选,2017-06-11,波兰,3:1,(1-0),罗马尼亚,胜,一球,赢,大
1215,欧预选,2017-03-27,黑山,1:2,(0-1),波兰,胜,*半球,输,大
1216,友谊赛,2016-11-15,波兰,1:1,(0-1),斯洛文尼亚,平,半球,输,小
1217,欧预选,2016-11-12,罗马尼亚,0:3,(0-1),波兰,胜,*平/半,输,大
1218,欧预选,2016-10-12,波兰,2:1,(0-0),亚美尼亚,胜,两球,输,大
1219,欧预选,2016-10-09,波兰,3:2,(2-0),丹麦,胜,半球,赢,大
1220,欧预选,2016-09-04,哈萨克斯坦,2:2,(0-2),波兰,平,*一球,赢,大
1221,欧锦赛,2016-07-01,波兰,1:1,(1-1),葡萄牙,平,*平/半,赢,小
1222,欧锦赛,2016-06-25,瑞士,1:1,(0-1),波兰,平,平手,走,小
1223,欧锦赛,2016-06-21,乌克兰,0:1,(0-0),波兰,胜,平手,输,小
1224,欧锦赛,2016-06-17,德国,0:0,(0-0),波兰,平,一球,输,小
1225,欧锦赛,2016-06-12,波兰,1:0,(0-0),北爱尔兰,胜,半/一,赢,小
1226,友谊赛,2016-06-06,波兰,0:0,(0-0),立陶宛,平,球半/两,输,小
1227,友谊赛,2016-06-02,波兰,1:2,(0-1),荷兰,负,平手,输,大
1228,友谊赛,2016-03-27,波兰,5:0,(3-0),芬兰,胜,一/半,赢,大
1229,友谊赛,2016-03-24,波兰,1:0,(1-0),塞尔维亚,胜,平/半,赢,小
1230,友谊赛,2015-11-18,波兰,3:1,(2-1),捷克,胜,平/半,赢,大
1231,友谊赛,2015-11-14,波兰,4:2,(0-1),冰岛,胜,半/一,赢,大
1232,欧锦赛,2015-10-12,波兰,2:1,(2-1),爱尔兰,胜,半球,赢,大
1233,欧锦赛,2015-10-09,苏格兰,2:2,(1-1),波兰,平,平手,走,大
1234,欧锦赛,2015-09-08,波兰,8:1,(4-0),直布罗陀,胜,五,赢,大
1235,世界杯,2018-07-04,哥伦比亚,1:1,(0-0),英格兰,平,*平/半,赢,小
1236,世界杯,2018-06-28,塞内加尔,0:1,(0-0),哥伦比亚,胜,*半球,输,小
1237,世界杯,2018-06-25,波兰,0:3,(0-1),哥伦比亚,胜,*平/半,输,大
1238,世界杯,2018-06-19,哥伦比亚,1:2,(1-1),日本,负,半/一,输,大
1239,友谊赛,2018-06-02,埃及,0:0,(0-0),哥伦比亚,平,*半/一,赢,小
1240,友谊赛,2018-03-28,哥伦比亚,0:0,(0-0),澳大利亚,平,一/半,输,小
1241,友谊赛,2018-03-24,法国,2:3,(2-1),哥伦比亚,胜,半/一,输,大
1242,友谊赛,2017-11-14,中国,0:4,(0-1),哥伦比亚,胜,*一球,输,大
1243,友谊赛,2017-11-10,韩国,2:1,(1-0),哥伦比亚,负,*平/半,赢,大
1244,南美预,2017-10-11,秘鲁,1:1,(0-0),哥伦比亚,平,平手,走,小
1245,南美预,2017-10-06,哥伦比亚,1:2,(0-0),巴拉圭,负,一/半,输,大
1246,南美预,2017-09-06,哥伦比亚,1:1,(0-1),巴西,平,平手,走,小
1247,南美预,2017-09-01,委内瑞拉,0:0,(0-0),哥伦比亚,平,*半/一,赢,小
1248,友谊赛,2017-06-14,喀麦隆,0:4,(0-2),哥伦比亚,胜,*半球,输,大
1249,友谊赛,2017-06-08,西班牙,2:2,(1-1),哥伦比亚,平,一球,输,大
1250,南美预,2017-03-29,厄瓜多尔,0:2,(0-2),哥伦比亚,胜,半球,输,小
1251,南美预,2017-03-24,哥伦比亚,1:0,(0-0),玻利维亚,胜,两球,输,小
1252,友谊赛,2017-01-26,巴西,1:0,(0-0),哥伦比亚,负,半球,赢,小
1253,南美预,2016-11-16,阿根廷,3:0,(2-0),哥伦比亚,负,一球,赢,大
1254,南美预,2016-11-11,哥伦比亚,0:0,(0-0),智利,平,平/半,输,小
1255,南美预,2016-10-12,哥伦比亚,2:2,(1-1),乌拉圭,平,平/半,输,大
1256,南美预,2016-10-07,巴拉圭,0:1,(0-0),哥伦比亚,胜,*平/半,输,小
1257,南美预,2016-09-07,巴西,2:1,(1-1),哥伦比亚,负,一球,走,大
1258,南美预,2016-09-02,哥伦比亚,2:0,(1-0),委内瑞拉,胜,一球,赢,小
1259,美洲杯,2016-06-26,美国,0:1,(0-1),哥伦比亚,胜,*平/半,输,小
1260,美洲杯,2016-06-23,哥伦比亚,0:2,(0-2),智利,负,平手,输,小
1261,美洲杯,2016-06-18,秘鲁,0:0,(0-0),哥伦比亚,平,*半/一,赢,小
1262,美洲杯,2016-06-12,哥伦比亚,2:3,(1-2),哥斯达黎加,负,半/一,输,大
1263,美洲杯,2016-06-08,哥伦比亚,2:1,(2-0),巴拉圭,胜,半球,赢,大
1264,美洲杯,2016-06-04,美国,0:2,(0-2),哥伦比亚,胜,平手,输,小
1265,友谊赛,2016-05-30,哥伦比亚,3:1,(1-1),海地,胜,两球,走,大
1266,南美预,2016-03-30,哥伦比亚,3:1,(1-0),厄瓜多尔,胜,半/一,赢,大
1267,南美预,2016-03-25,玻利维亚,2:3,(0-2),哥伦比亚,胜,*平/半,输,大
1268,南美预,2015-11-18,哥伦比亚,0:1,(0-1),阿根廷,负,平/半,输,小
1269,南美预,2015-11-13,智利,1:1,(1-0),哥伦比亚,平,半/一,输,小
1270,南美预,2015-10-14,乌拉圭,3:0,(1-0),哥伦比亚,负,平/半,赢,大
1271,南美预,2015-10-09,哥伦比亚,2:0,(1-0),秘鲁,胜,一/半,赢,小
1272,世界杯,2018-06-28,塞内加尔,0:1,(0-0),哥伦比亚,负,*半球,输,小
1273,世界杯,2018-06-24,日本,2:2,(1-1),塞内加尔,平,*平/半,赢,大
1274,世界杯,2018-06-19,波兰,1:2,(0-1),塞内加尔,胜,平/半,输,大
1275,友谊赛,2018-06-11,塞内加尔,2:0,(0-0),韩国,胜,平手,-,小
1276,友谊赛,2018-06-09,克罗地亚,2:1,(0-0),塞内加尔,负,半/一,赢,大
1277,友谊赛,2018-06-01,卢森堡,0:0,(0-0),塞内加尔,平,*球半,赢,小
1278,友谊赛,2018-03-28,塞内加尔,0:0,(0-0),波黑,平,平手,走,小
1279,友谊赛,2018-03-24,塞内加尔,1:1,(0-1),乌兹别克斯坦,平,半球,输,小
1280,非洲预,2017-11-15,塞内加尔,2:1,(0-0),南非,胜,一球,走,大
1281,非洲预,2017-11-11,南非,0:2,(0-2),塞内加尔,胜,平手,输,小
1282,非洲预,2017-10-08,佛得角,0:2,(0-0),塞内加尔,胜,*半球,输,小
1283,西非杯,2017-09-20,塞内加尔,0:0,(-),科特迪瓦,平,平手,走,小
1284,西非杯,2017-09-18,贝宁,0:4,(-),塞内加尔,胜,平手,-,大
1285,西非杯,2017-09-15,塞内加尔,1:2,(-),尼日尔,负,半/一,输,大
1286,西非杯,2017-09-10,塞内加尔,0:0,(-),利比里亚,平,平手,-,小
1287,非洲预,2017-09-06,布基纳法索,2:2,(1-1),塞内加尔,平,平手,走,大
1288,非洲预,2017-09-03,塞内加尔,0:0,(0-0),布基纳法索,平,半/一,输,小
1289,非国锦标,2017-08-23,几内亚,5:0,(3-0),塞内加尔,负,平手,-,大
1290,非国锦标,2017-08-16,塞内加尔,3:1,(1-0),几内亚,胜,平手,-,大
1291,非国锦标,2017-07-23,塞内加尔,3:1,(1-1),塞拉利昂,胜,平手,-,大
1292,非国锦标,2017-07-16,塞拉利昂,1:1,(0-0),塞内加尔,平,平手,-,小
1293,非洲杯,2017-06-11,塞内加尔,3:0,(1-0),赤道几内亚,胜,球半,赢,大
1294,友谊赛,2017-06-05,塞内加尔,0:0,(0-0),乌干达,平,平手,-,小
1295,友谊赛,2017-03-28,科特迪瓦,1:1,(0-0),塞内加尔,平,平手,走,小
1296,友谊赛,2017-03-24,尼日利亚,1:1,(0-0),塞内加尔,平,*平/半,赢,小
1297,非洲杯,2017-01-29,塞内加尔,0:0,(0-0),喀麦隆,平,平/半,输,小
1298,非洲杯,2017-01-24,塞内加尔,2:2,(1-1),阿尔及利亚,平,*平/半,赢,大
1299,非洲杯,2017-01-20,塞内加尔,2:0,(2-0),津巴布韦,胜,一球,赢,小
1300,非洲杯,2017-01-16,突尼斯,0:2,(0-2),塞内加尔,胜,*平/半,输,小
1301,友谊赛,2017-01-11,刚果,0:2,(0-1),塞内加尔,胜,平手,-,小
1302,友谊赛,2017-01-08,利比亚,1:2,(0-1),塞内加尔,胜,平手,-,大
1303,西非锦,2016-12-03,马里,0:1,(0-0),塞内加尔,胜,平手,-,小
1304,西非锦,2016-12-01,塞内加尔,5:0,(3-0),几内亚比绍,胜,平手,-,大
1305,西非锦,2016-11-30,贝宁,0:0,(0-0),塞内加尔,平,平手,-,小
1306,西非锦,2016-11-27,塞内加尔,2:1,(1-1),布基纳法索,胜,平手,-,大
1307,非洲预,2016-11-12,南非,2:1,(2-0),塞内加尔,负,平手,赢,大
1308,非洲预,2016-10-09,塞内加尔,2:0,(1-0),佛得角,胜,一球,赢,小
1309,非洲杯,2016-09-04,塞内加尔,2:0,(1-0),纳米比亚,胜,球半,赢,小
1310,非洲杯,2016-06-04,布隆迪,0:2,(0-2),塞内加尔,胜,*半/一,输,小
1311,友谊赛,2016-05-28,卢旺达,0:2,(0-2),塞内加尔,胜,*平/半,输,小
1312,非洲杯,2016-03-29,尼日尔,1:2,(0-2),塞内加尔,胜,*一球,走,大
1313,非洲杯,2016-03-27,塞内加尔,2:0,(1-0),尼日尔,胜,球半,赢,小
1314,友谊赛,2016-02-11,墨西哥,2:0,(0-0),塞内加尔,负,一/半,赢,小
1315,非洲预,2015-11-18,塞内加尔,3:0,(1-0),马达加斯加,胜,球半/两,赢,大
1316,非洲预,2015-11-13,马达加斯加,2:2,(1-0),塞内加尔,平,*半/一,赢,大
1317,非国锦标,2015-10-25,塞内加尔,3:1,(1-1),几内亚,胜,平手,-,大
1318,非国锦标,2015-10-18,几内亚,2:0,(2-0),塞内加尔,负,平手,-,小
1319,友谊赛,2015-10-14,阿尔及利亚,1:0,(0-0),塞内加尔,负,平手,赢,小
1320,友谊赛,2015-09-09,南非,1:0,(0-0),塞内加尔,负,平/半,赢,小
1321,非洲杯,2015-09-05,纳米比亚,0:2,(0-1),塞内加尔,胜,*半/一,输,小
